quarter,start,end,revenue_musd,rev_yoy,rev_qoq,earnings_date,first_filed,known_from,known_from_reliable,report_lag_days_known,report_lag_days_filing,derived,first_form,restated,n_vintages,revenue_first_print,revenue_latest_print,rpo_total,deferred_rev_current,deferred_rev_noncurrent,earnings_accn,first_accn,earnings_url
2018Q3,2018-07-01,2018-09-30,51.074,,,2019-11-12,2019-11-13,2019-11-12,False,408,409,False,10-Q,False,1,51074000,51074000,,,,0001564590-19-042935,0001564590-19-043256,https://www.sec.gov/Archives/edgar/data/1561550/000156459019042935/0001564590-19-042935-index.htm
2019Q1,2019-01-01,2019-03-31,70.05,,,2019-11-12,2020-05-12,2019-11-12,False,226,408,False,10-Q,False,1,70050000,70050000,,,,0001564590-19-042935,0001564590-20-024662,https://www.sec.gov/Archives/edgar/data/1561550/000156459019042935/0001564590-19-042935-index.htm
2019Q2,2019-04-01,2019-06-30,83.222,,0.1880371163454675,2019-11-12,2020-08-07,2019-11-12,False,135,404,False,10-Q,False,1,83222000,83222000,,,,0001564590-19-042935,0001564590-20-038405,https://www.sec.gov/Archives/edgar/data/1561550/000156459019042935/0001564590-19-042935-index.htm
2019Q3,2019-07-01,2019-09-30,95.864,0.8769628382347183,0.15190694768210333,2019-11-12,2019-11-13,2019-11-12,True,43,44,False,10-Q,False,2,95864000,95864000,,,,0001564590-19-042935,0001564590-19-043256,https://www.sec.gov/Archives/edgar/data/1561550/000156459019042935/0001564590-19-042935-index.htm
2019Q4,2019-10-01,2019-12-31,113.644,,0.18547108403571722,2020-02-13,2020-02-25,2020-02-13,True,44,56,True,10-K,False,3,113644000,113644000,,134148000.0,4340000.0,0001564590-20-004607,0001564590-20-006422,https://www.sec.gov/Archives/edgar/data/1561550/000156459020004607/0001564590-20-004607-index.htm
2020Q1,2020-01-01,2020-03-31,131.248,0.8736331192005711,0.15490479039808536,2020-05-11,2020-05-12,2020-05-11,True,41,42,False,10-Q,False,2,131248000,131248000,,,,0001564590-20-024231,0001564590-20-024662,https://www.sec.gov/Archives/edgar/data/1561550/000156459020024231/0001564590-20-024231-index.htm
2020Q2,2020-04-01,2020-06-30,140.012,0.6823916752781716,0.06677435084725092,2020-08-06,2020-08-07,2020-08-06,True,37,38,False,10-Q,False,2,140012000,140012000,,162858000.0,2417000.0,0001564590-20-037808,0001564590-20-038405,https://www.sec.gov/Archives/edgar/data/1561550/000156459020037808/0001564590-20-037808-index.htm
2020Q3,2020-07-01,2020-09-30,154.675,0.6134836852207293,0.1047267377081964,2020-11-10,2020-11-12,2020-11-10,True,41,43,False,10-Q,False,2,154675000,154675000,,164010000.0,2444000.0,0001564590-20-052986,0001564590-20-053609,https://www.sec.gov/Archives/edgar/data/1561550/000156459020052986/0001564590-20-052986-index.htm
2020Q4,2020-10-01,2020-12-31,177.531,0.5621678223223399,0.14776790043639898,2021-02-11,2021-03-01,2021-02-11,True,42,60,True,10-K,False,3,177531000,177531000,434100000.0,204825000.0,3450000.0,0001564590-21-005553,0001564590-21-009770,https://www.sec.gov/Archives/edgar/data/1561550/000156459021005553/0001564590-21-005553-index.htm
2021Q1,2021-01-01,2021-03-31,198.549,0.5127773375594296,0.11839059093904725,2021-05-06,2021-05-07,2021-05-06,True,36,37,False,10-Q,False,2,198549000,198549000,,223647000.0,5628000.0,0001561550-21-000004,0001561550-21-000007,https://www.sec.gov/Archives/edgar/data/1561550/000156155021000004/0001561550-21-000004-index.htm
2021Q2,2021-04-01,2021-06-30,233.549,0.6680641659286346,0.17627890344448982,2021-08-05,2021-08-06,2021-08-05,True,36,37,False,10-Q,False,2,233549000,233549000,,264650000.0,1277000.0,0001561550-21-000015,0001561550-21-000018,https://www.sec.gov/Archives/edgar/data/1561550/000156155021000015/0001561550-21-000015-index.htm
2021Q3,2021-07-01,2021-09-30,270.488,0.7487506061095845,0.15816381144856106,2021-11-04,2021-11-05,2021-11-04,True,35,36,False,10-Q,False,2,270488000,270488000,,300950000.0,3266000.0,0001561550-21-000024,0001561550-21-000026,https://www.sec.gov/Archives/edgar/data/1561550/000156155021000024/0001561550-21-000024-index.htm
2021Q4,2021-10-01,2021-12-31,326.198,0.8374143107400962,0.2059610777557599,2022-02-10,2022-02-25,2022-02-10,True,41,56,True,10-K,False,3,326198000,326198000,815000000.0,371985000.0,13896000.0,0001561550-22-000004,0001561550-22-000009,https://www.sec.gov/Archives/edgar/data/1561550/000156155022000004/0001561550-22-000004-index.htm
2022Q1,2022-01-01,2022-03-31,363.03,0.828415151927232,0.11291301602094439,2022-05-05,2022-05-06,2022-05-05,True,35,36,False,10-Q,False,2,363030000,363030000,857900000.0,454812000.0,12798000.0,0001561550-22-000023,0001561550-22-000026,https://www.sec.gov/Archives/edgar/data/1561550/000156155022000023/0001561550-22-000023-index.htm
2022Q2,2022-04-01,2022-06-30,406.138,0.7389841104008152,0.1187450072996723,2022-08-04,2022-08-08,2022-08-04,True,35,39,False,10-Q,False,2,406138000,406138000,881400000.0,444247000.0,14526000.0,0001561550-22-000033,0001561550-22-000038,https://www.sec.gov/Archives/edgar/data/1561550/000156155022000033/0001561550-22-000033-index.htm
2022Q3,2022-07-01,2022-09-30,436.533,0.6138719647452013,0.07483909410101974,2022-11-03,2022-11-04,2022-11-03,True,34,35,False,10-Q,False,2,436533000,436533000,941000000.0,478742000.0,9455000.0,0001561550-22-000043,0001561550-22-000045,https://www.sec.gov/Archives/edgar/data/1561550/000156155022000043/0001561550-22-000043-index.htm
2022Q4,2022-10-01,2022-12-31,469.399,0.4390002391185721,0.07528869524182591,2023-02-16,2023-02-24,2023-02-16,True,47,55,True,10-K,False,3,469399000,469399000,1057200000.0,543024000.0,12944000.0,0001561550-23-000003,0001561550-23-000006,https://www.sec.gov/Archives/edgar/data/1561550/000156155023000003/0001561550-23-000003-index.htm
2023Q1,2023-01-01,2023-03-31,481.714,0.32692614935404785,0.026235675832287697,2023-05-04,2023-05-05,2023-05-04,True,34,35,False,10-Q,False,2,481714000,481714000,1138300000.0,562429000.0,22506000.0,0001561550-23-000020,0001561550-23-000023,https://www.sec.gov/Archives/edgar/data/1561550/000156155023000020/0001561550-23-000020-index.htm
2023Q2,2023-04-01,2023-06-30,509.46,0.2544012133806737,0.05759849205130019,2023-08-08,2023-08-09,2023-08-08,True,39,40,False,10-Q,False,2,509460000,509460000,1252500000.0,567470000.0,27534000.0,0001561550-23-000035,0001561550-23-000039,https://www.sec.gov/Archives/edgar/data/1561550/000156155023000035/0001561550-23-000035-index.htm
2023Q3,2023-07-01,2023-09-30,547.536,0.2542831813402424,0.07473795783771053,2023-11-07,2023-11-07,2023-11-07,True,38,38,False,10-Q,False,2,547536000,547536000,1446200000.0,636500000.0,17505000.0,0001561550-23-000053,0001561550-23-000055,https://www.sec.gov/Archives/edgar/data/1561550/000156155023000053/0001561550-23-000053-index.htm
2023Q4,2023-10-01,2023-12-31,589.649,0.2561786454594066,0.07691366412436818,2024-02-13,2024-02-23,2024-02-13,True,44,54,True,10-K,False,3,589649000,589649000,1839400000.0,765735000.0,21210000.0,0001561550-24-000004,0001561550-24-000009,https://www.sec.gov/Archives/edgar/data/1561550/000156155024000004/0001561550-24-000004-index.htm
2024Q1,2024-01-01,2024-03-31,611.253,0.26891267432542953,0.03663874610149431,2024-05-07,2024-05-08,2024-05-07,True,37,38,False,10-Q,False,2,611253000,611253000,1731500000.0,767474000.0,26191000.0,0001561550-24-000048,0001561550-24-000051,https://www.sec.gov/Archives/edgar/data/1561550/000156155024000048/0001561550-24-000048-index.htm
2024Q2,2024-04-01,2024-06-30,645.279,0.26659404074902837,0.05566598446142601,2024-08-08,2024-08-09,2024-08-08,True,39,40,False,10-Q,False,2,645279000,645279000,1792400000.0,801562000.0,14049000.0,0001561550-24-000109,0001561550-24-000112,https://www.sec.gov/Archives/edgar/data/1561550/000156155024000109/0001561550-24-000109-index.htm
2024Q3,2024-07-01,2024-09-30,690.016,0.2602203325443442,0.0693297007960898,2024-11-07,2024-11-08,2024-11-07,True,38,39,False,10-Q,False,2,690016000,690016000,1821800000.0,795824000.0,18404000.0,0001561550-24-000171,0001561550-24-000175,https://www.sec.gov/Archives/edgar/data/1561550/000156155024000171/0001561550-24-000171-index.htm
2024Q4,2024-10-01,2024-12-31,737.727,0.25112906152643344,0.06914477345452852,2025-02-13,2025-02-20,2025-02-13,True,44,51,True,10-K,False,2,737727000,737727000,2273100000.0,961853000.0,22693000.0,0001561550-25-000017,0001561550-25-000025,https://www.sec.gov/Archives/edgar/data/1561550/000156155025000017/0001561550-25-000017-index.htm
2025Q1,2025-01-01,2025-03-31,761.553,0.24588836373809198,0.03229649992476902,2025-05-06,2025-05-07,2025-05-06,True,36,37,False,10-Q,False,2,761553000,761553000,2309000000.0,949135000.0,21560000.0,0001561550-25-000118,0001561550-25-000123,https://www.sec.gov/Archives/edgar/data/1561550/000156155025000118/0001561550-25-000118-index.htm
2025Q2,2025-04-01,2025-06-30,826.76,0.2812442369889614,0.08562371890072007,2025-08-07,2025-08-08,2025-08-07,True,38,39,False,10-Q,False,2,826760000,826760000,2425800000.0,966442000.0,29866000.0,0001561550-25-000216,0001561550-25-000220,https://www.sec.gov/Archives/edgar/data/1561550/000156155025000216/0001561550-25-000216-index.htm
2025Q3,2025-07-01,2025-09-30,885.651,0.2835224110745258,0.07123107068556767,2025-11-06,2025-11-07,2025-11-06,True,37,38,False,10-Q,False,1,885651000,885651000,2787600000.0,974264000.0,29028000.0,0001561550-25-000310,0001561550-25-000313,https://www.sec.gov/Archives/edgar/data/1561550/000156155025000310/0001561550-25-000310-index.htm
2025Q4,2025-10-01,2025-12-31,953.194,0.2920687462977498,0.07626367496903397,2026-02-10,2026-02-18,2026-02-10,True,41,49,True,10-K,False,1,953194000,953194000,3461200000.0,1193646000.0,68711000.0,0001628280-26-006645,0001628280-26-008819,https://www.sec.gov/Archives/edgar/data/1561550/000162828026006645/0001628280-26-006645-index.htm
2026Q1,2026-01-01,2026-03-31,1006.426,0.32154426546806336,0.055845924334395836,2026-05-07,2026-05-07,2026-05-07,True,37,37,False,10-Q,False,1,1006426000,1006426000,3484400000.0,1231152000.0,50918000.0,0001628280-26-031677,0001628280-26-032328,https://www.sec.gov/Archives/edgar/data/1561550/000162828026031677/0001628280-26-031677-index.htm
2026Q2,2026-04-01,2026-06-30,1121.454,0.3564444336929702,0.11429354964994953,2026-08-06,2026-08-06,2026-08-06,True,37,37,False,10-Q,False,1,1121454000,1121454000,3471400000.0,1286690000.0,50860000.0,0001628280-26-053829,0001628280-26-054458,https://www.sec.gov/Archives/edgar/data/1561550/000162828026053829/0001628280-26-053829-index.htm
