tag,start,end,duration_days,val,form,fy,fp,filed,accn,frame,tag_rank
RevenueFromContractWithCustomerExcludingAssessedTax,2017-01-01,2017-12-31,365,100761000,10-K,2019,FY,2020-02-25,0001564590-20-006422,CY2017,0
RevenueFromContractWithCustomerExcludingAssessedTax,2018-01-01,2018-09-30,273,136467000,10-Q,2019,Q3,2019-11-13,0001564590-19-043256,,0
RevenueFromContractWithCustomerExcludingAssessedTax,2018-07-01,2018-09-30,92,51074000,10-Q,2019,Q3,2019-11-13,0001564590-19-043256,CY2018Q3,0
RevenueFromContractWithCustomerExcludingAssessedTax,2018-01-01,2018-12-31,365,198077000,10-K,2019,FY,2020-02-25,0001564590-20-006422,,0
RevenueFromContractWithCustomerExcludingAssessedTax,2018-01-01,2018-12-31,365,198077000,10-K,2020,FY,2021-03-01,0001564590-21-009770,CY2018,0
RevenueFromContractWithCustomerExcludingAssessedTax,2019-01-01,2019-03-31,90,70050000,10-Q,2020,Q1,2020-05-12,0001564590-20-024662,CY2019Q1,0
RevenueFromContractWithCustomerExcludingAssessedTax,2019-01-01,2019-06-30,181,153272000,10-Q,2020,Q2,2020-08-07,0001564590-20-038405,,0
RevenueFromContractWithCustomerExcludingAssessedTax,2019-04-01,2019-06-30,91,83222000,10-Q,2020,Q2,2020-08-07,0001564590-20-038405,CY2019Q2,0
RevenueFromContractWithCustomerExcludingAssessedTax,2019-01-01,2019-09-30,273,249136000,10-Q,2019,Q3,2019-11-13,0001564590-19-043256,,0
RevenueFromContractWithCustomerExcludingAssessedTax,2019-01-01,2019-09-30,273,249136000,10-Q,2020,Q3,2020-11-12,0001564590-20-053609,,0
RevenueFromContractWithCustomerExcludingAssessedTax,2019-07-01,2019-09-30,92,95864000,10-Q,2019,Q3,2019-11-13,0001564590-19-043256,,0
RevenueFromContractWithCustomerExcludingAssessedTax,2019-07-01,2019-09-30,92,95864000,10-Q,2020,Q3,2020-11-12,0001564590-20-053609,CY2019Q3,0
RevenueFromContractWithCustomerExcludingAssessedTax,2019-01-01,2019-12-31,365,362780000,10-K,2019,FY,2020-02-25,0001564590-20-006422,,0
RevenueFromContractWithCustomerExcludingAssessedTax,2019-01-01,2019-12-31,365,362780000,10-K,2020,FY,2021-03-01,0001564590-21-009770,,0
RevenueFromContractWithCustomerExcludingAssessedTax,2019-01-01,2019-12-31,365,362780000,10-K,2021,FY,2022-02-25,0001561550-22-000009,CY2019,0
RevenueFromContractWithCustomerExcludingAssessedTax,2020-01-01,2020-03-31,91,131248000,10-Q,2020,Q1,2020-05-12,0001564590-20-024662,,0
RevenueFromContractWithCustomerExcludingAssessedTax,2020-01-01,2020-03-31,91,131248000,10-Q,2021,Q1,2021-05-07,0001561550-21-000007,CY2020Q1,0
RevenueFromContractWithCustomerExcludingAssessedTax,2020-01-01,2020-06-30,182,271260000,10-Q,2020,Q2,2020-08-07,0001564590-20-038405,,0
RevenueFromContractWithCustomerExcludingAssessedTax,2020-01-01,2020-06-30,182,271260000,10-Q,2021,Q2,2021-08-06,0001561550-21-000018,,0
RevenueFromContractWithCustomerExcludingAssessedTax,2020-04-01,2020-06-30,91,140012000,10-Q,2020,Q2,2020-08-07,0001564590-20-038405,,0
RevenueFromContractWithCustomerExcludingAssessedTax,2020-04-01,2020-06-30,91,140012000,10-Q,2021,Q2,2021-08-06,0001561550-21-000018,CY2020Q2,0
RevenueFromContractWithCustomerExcludingAssessedTax,2020-01-01,2020-09-30,274,425935000,10-Q,2020,Q3,2020-11-12,0001564590-20-053609,,0
RevenueFromContractWithCustomerExcludingAssessedTax,2020-01-01,2020-09-30,274,425935000,10-Q,2021,Q3,2021-11-05,0001561550-21-000026,,0
RevenueFromContractWithCustomerExcludingAssessedTax,2020-07-01,2020-09-30,92,154675000,10-Q,2020,Q3,2020-11-12,0001564590-20-053609,,0
RevenueFromContractWithCustomerExcludingAssessedTax,2020-07-01,2020-09-30,92,154675000,10-Q,2021,Q3,2021-11-05,0001561550-21-000026,CY2020Q3,0
RevenueFromContractWithCustomerExcludingAssessedTax,2020-01-01,2020-12-31,366,603466000,10-K,2020,FY,2021-03-01,0001564590-21-009770,,0
RevenueFromContractWithCustomerExcludingAssessedTax,2020-01-01,2020-12-31,366,603466000,10-K,2021,FY,2022-02-25,0001561550-22-000009,,0
RevenueFromContractWithCustomerExcludingAssessedTax,2020-01-01,2020-12-31,366,603466000,10-K,2022,FY,2023-02-24,0001561550-23-000006,CY2020,0
RevenueFromContractWithCustomerExcludingAssessedTax,2021-01-01,2021-03-31,90,198549000,10-Q,2021,Q1,2021-05-07,0001561550-21-000007,,0
RevenueFromContractWithCustomerExcludingAssessedTax,2021-01-01,2021-03-31,90,198549000,10-Q,2022,Q1,2022-05-06,0001561550-22-000026,CY2021Q1,0
RevenueFromContractWithCustomerExcludingAssessedTax,2021-01-01,2021-06-30,181,432098000,10-Q,2021,Q2,2021-08-06,0001561550-21-000018,,0
RevenueFromContractWithCustomerExcludingAssessedTax,2021-01-01,2021-06-30,181,432098000,10-Q,2022,Q2,2022-08-08,0001561550-22-000038,,0
RevenueFromContractWithCustomerExcludingAssessedTax,2021-04-01,2021-06-30,91,233549000,10-Q,2021,Q2,2021-08-06,0001561550-21-000018,,0
RevenueFromContractWithCustomerExcludingAssessedTax,2021-04-01,2021-06-30,91,233549000,10-Q,2022,Q2,2022-08-08,0001561550-22-000038,CY2021Q2,0
RevenueFromContractWithCustomerExcludingAssessedTax,2021-01-01,2021-09-30,273,702586000,10-Q,2021,Q3,2021-11-05,0001561550-21-000026,,0
RevenueFromContractWithCustomerExcludingAssessedTax,2021-01-01,2021-09-30,273,702586000,10-Q,2022,Q3,2022-11-04,0001561550-22-000045,,0
RevenueFromContractWithCustomerExcludingAssessedTax,2021-07-01,2021-09-30,92,270488000,10-Q,2021,Q3,2021-11-05,0001561550-21-000026,,0
RevenueFromContractWithCustomerExcludingAssessedTax,2021-07-01,2021-09-30,92,270488000,10-Q,2022,Q3,2022-11-04,0001561550-22-000045,CY2021Q3,0
RevenueFromContractWithCustomerExcludingAssessedTax,2021-01-01,2021-12-31,365,1028784000,10-K,2021,FY,2022-02-25,0001561550-22-000009,,0
RevenueFromContractWithCustomerExcludingAssessedTax,2021-01-01,2021-12-31,365,1028784000,10-K,2022,FY,2023-02-24,0001561550-23-000006,,0
RevenueFromContractWithCustomerExcludingAssessedTax,2021-01-01,2021-12-31,365,1028784000,10-K,2023,FY,2024-02-23,0001561550-24-000009,CY2021,0
RevenueFromContractWithCustomerExcludingAssessedTax,2022-01-01,2022-03-31,90,363030000,10-Q,2022,Q1,2022-05-06,0001561550-22-000026,,0
RevenueFromContractWithCustomerExcludingAssessedTax,2022-01-01,2022-03-31,90,363030000,10-Q,2023,Q1,2023-05-05,0001561550-23-000023,CY2022Q1,0
RevenueFromContractWithCustomerExcludingAssessedTax,2022-01-01,2022-06-30,181,769168000,10-Q,2022,Q2,2022-08-08,0001561550-22-000038,,0
RevenueFromContractWithCustomerExcludingAssessedTax,2022-01-01,2022-06-30,181,769168000,10-Q,2023,Q2,2023-08-09,0001561550-23-000039,,0
RevenueFromContractWithCustomerExcludingAssessedTax,2022-04-01,2022-06-30,91,406138000,10-Q,2022,Q2,2022-08-08,0001561550-22-000038,,0
RevenueFromContractWithCustomerExcludingAssessedTax,2022-04-01,2022-06-30,91,406138000,10-Q,2023,Q2,2023-08-09,0001561550-23-000039,CY2022Q2,0
RevenueFromContractWithCustomerExcludingAssessedTax,2022-01-01,2022-09-30,273,1205701000,10-Q,2022,Q3,2022-11-04,0001561550-22-000045,,0
RevenueFromContractWithCustomerExcludingAssessedTax,2022-01-01,2022-09-30,273,1205701000,10-Q,2023,Q3,2023-11-07,0001561550-23-000055,,0
RevenueFromContractWithCustomerExcludingAssessedTax,2022-07-01,2022-09-30,92,436533000,10-Q,2022,Q3,2022-11-04,0001561550-22-000045,,0
RevenueFromContractWithCustomerExcludingAssessedTax,2022-07-01,2022-09-30,92,436533000,10-Q,2023,Q3,2023-11-07,0001561550-23-000055,CY2022Q3,0
RevenueFromContractWithCustomerExcludingAssessedTax,2022-01-01,2022-12-31,365,1675100000,10-K,2022,FY,2023-02-24,0001561550-23-000006,,0
RevenueFromContractWithCustomerExcludingAssessedTax,2022-01-01,2022-12-31,365,1675100000,10-K,2023,FY,2024-02-23,0001561550-24-000009,,0
RevenueFromContractWithCustomerExcludingAssessedTax,2022-01-01,2022-12-31,365,1675100000,10-K,2024,FY,2025-02-20,0001561550-25-000025,CY2022,0
RevenueFromContractWithCustomerExcludingAssessedTax,2023-01-01,2023-03-31,90,481714000,10-Q,2023,Q1,2023-05-05,0001561550-23-000023,,0
RevenueFromContractWithCustomerExcludingAssessedTax,2023-01-01,2023-03-31,90,481714000,10-Q,2024,Q1,2024-05-08,0001561550-24-000051,CY2023Q1,0
RevenueFromContractWithCustomerExcludingAssessedTax,2023-01-01,2023-06-30,181,991174000,10-Q,2023,Q2,2023-08-09,0001561550-23-000039,,0
RevenueFromContractWithCustomerExcludingAssessedTax,2023-01-01,2023-06-30,181,991174000,10-Q,2024,Q2,2024-08-09,0001561550-24-000112,,0
RevenueFromContractWithCustomerExcludingAssessedTax,2023-04-01,2023-06-30,91,509460000,10-Q,2023,Q2,2023-08-09,0001561550-23-000039,,0
RevenueFromContractWithCustomerExcludingAssessedTax,2023-04-01,2023-06-30,91,509460000,10-Q,2024,Q2,2024-08-09,0001561550-24-000112,CY2023Q2,0
RevenueFromContractWithCustomerExcludingAssessedTax,2023-01-01,2023-09-30,273,1538710000,10-Q,2023,Q3,2023-11-07,0001561550-23-000055,,0
RevenueFromContractWithCustomerExcludingAssessedTax,2023-01-01,2023-09-30,273,1538710000,10-Q,2024,Q3,2024-11-08,0001561550-24-000175,,0
RevenueFromContractWithCustomerExcludingAssessedTax,2023-07-01,2023-09-30,92,547536000,10-Q,2023,Q3,2023-11-07,0001561550-23-000055,,0
RevenueFromContractWithCustomerExcludingAssessedTax,2023-07-01,2023-09-30,92,547536000,10-Q,2024,Q3,2024-11-08,0001561550-24-000175,CY2023Q3,0
RevenueFromContractWithCustomerExcludingAssessedTax,2023-01-01,2023-12-31,365,2128359000,10-K,2023,FY,2024-02-23,0001561550-24-000009,,0
RevenueFromContractWithCustomerExcludingAssessedTax,2023-01-01,2023-12-31,365,2128359000,10-K,2024,FY,2025-02-20,0001561550-25-000025,,0
RevenueFromContractWithCustomerExcludingAssessedTax,2023-01-01,2023-12-31,365,2128359000,10-K,2025,FY,2026-02-18,0001628280-26-008819,CY2023,0
RevenueFromContractWithCustomerExcludingAssessedTax,2024-01-01,2024-03-31,91,611253000,10-Q,2024,Q1,2024-05-08,0001561550-24-000051,,0
RevenueFromContractWithCustomerExcludingAssessedTax,2024-01-01,2024-03-31,91,611253000,10-Q,2025,Q1,2025-05-07,0001561550-25-000123,CY2024Q1,0
RevenueFromContractWithCustomerExcludingAssessedTax,2024-01-01,2024-06-30,182,1256532000,10-Q,2024,Q2,2024-08-09,0001561550-24-000112,,0
RevenueFromContractWithCustomerExcludingAssessedTax,2024-01-01,2024-06-30,182,1256532000,10-Q,2025,Q2,2025-08-08,0001561550-25-000220,,0
RevenueFromContractWithCustomerExcludingAssessedTax,2024-04-01,2024-06-30,91,645279000,10-Q,2024,Q2,2024-08-09,0001561550-24-000112,,0
RevenueFromContractWithCustomerExcludingAssessedTax,2024-04-01,2024-06-30,91,645279000,10-Q,2025,Q2,2025-08-08,0001561550-25-000220,CY2024Q2,0
RevenueFromContractWithCustomerExcludingAssessedTax,2024-01-01,2024-09-30,274,1946548000,10-Q,2024,Q3,2024-11-08,0001561550-24-000175,,0
RevenueFromContractWithCustomerExcludingAssessedTax,2024-01-01,2024-09-30,274,1946548000,10-Q,2025,Q3,2025-11-07,0001561550-25-000313,,0
RevenueFromContractWithCustomerExcludingAssessedTax,2024-07-01,2024-09-30,92,690016000,10-Q,2024,Q3,2024-11-08,0001561550-24-000175,,0
RevenueFromContractWithCustomerExcludingAssessedTax,2024-07-01,2024-09-30,92,690016000,10-Q,2025,Q3,2025-11-07,0001561550-25-000313,CY2024Q3,0
RevenueFromContractWithCustomerExcludingAssessedTax,2024-01-01,2024-12-31,366,2684275000,10-K,2024,FY,2025-02-20,0001561550-25-000025,,0
RevenueFromContractWithCustomerExcludingAssessedTax,2024-01-01,2024-12-31,366,2684275000,10-K,2025,FY,2026-02-18,0001628280-26-008819,CY2024,0
RevenueFromContractWithCustomerExcludingAssessedTax,2025-01-01,2025-03-31,90,761553000,10-Q,2025,Q1,2025-05-07,0001561550-25-000123,,0
RevenueFromContractWithCustomerExcludingAssessedTax,2025-01-01,2025-03-31,90,761553000,10-Q,2026,Q1,2026-05-07,0001628280-26-032328,CY2025Q1,0
RevenueFromContractWithCustomerExcludingAssessedTax,2025-01-01,2025-06-30,181,1588313000,10-Q,2025,Q2,2025-08-08,0001561550-25-000220,,0
RevenueFromContractWithCustomerExcludingAssessedTax,2025-01-01,2025-06-30,181,1588313000,10-Q,2026,Q2,2026-08-06,0001628280-26-054458,,0
RevenueFromContractWithCustomerExcludingAssessedTax,2025-04-01,2025-06-30,91,826760000,10-Q,2025,Q2,2025-08-08,0001561550-25-000220,,0
RevenueFromContractWithCustomerExcludingAssessedTax,2025-04-01,2025-06-30,91,826760000,10-Q,2026,Q2,2026-08-06,0001628280-26-054458,CY2025Q2,0
RevenueFromContractWithCustomerExcludingAssessedTax,2025-01-01,2025-09-30,273,2473964000,10-Q,2025,Q3,2025-11-07,0001561550-25-000313,,0
RevenueFromContractWithCustomerExcludingAssessedTax,2025-07-01,2025-09-30,92,885651000,10-Q,2025,Q3,2025-11-07,0001561550-25-000313,CY2025Q3,0
RevenueFromContractWithCustomerExcludingAssessedTax,2025-01-01,2025-12-31,365,3427158000,10-K,2025,FY,2026-02-18,0001628280-26-008819,CY2025,0
RevenueFromContractWithCustomerExcludingAssessedTax,2026-01-01,2026-03-31,90,1006426000,10-Q,2026,Q1,2026-05-07,0001628280-26-032328,CY2026Q1,0
RevenueFromContractWithCustomerExcludingAssessedTax,2026-01-01,2026-06-30,181,2127880000,10-Q,2026,Q2,2026-08-06,0001628280-26-054458,,0
RevenueFromContractWithCustomerExcludingAssessedTax,2026-04-01,2026-06-30,91,1121454000,10-Q,2026,Q2,2026-08-06,0001628280-26-054458,CY2026Q2,0
