quarter,feature,value,available_from,source
2018Q1,ctrl_abs_d30,0.5640229457748642,2018-01-31,npm (causal-imputed)
2018Q1,dd_abs_d30,0.6828335002868435,2018-01-31,npm (causal-imputed)
2018Q1,dd_rel_d30,0.1188105545119793,2018-01-31,npm (causal-imputed)
2018Q1,dd_rel_wide_d30,0.1188105545119793,2018-01-31,npm (causal-imputed)
2018Q1,plc_abs_d30,0.5781444671164344,2018-01-31,npm (causal-imputed)
2018Q1,plc_rel_d30,0.014121521341570187,2018-01-31,npm (causal-imputed)
2018Q1,ctrl_abs_d45,0.6332172140129586,2018-02-15,npm (causal-imputed)
2018Q1,dd_abs_d45,0.6678644486029466,2018-02-15,npm (causal-imputed)
2018Q1,dd_rel_d45,0.034647234589987974,2018-02-15,npm (causal-imputed)
2018Q1,dd_rel_wide_d45,0.034647234589987974,2018-02-15,npm (causal-imputed)
2018Q1,plc_abs_d45,0.6031587821820459,2018-02-15,npm (causal-imputed)
2018Q1,plc_rel_d45,-0.030058431830912724,2018-02-15,npm (causal-imputed)
2018Q1,ctrl_abs_d60,0.691657405624067,2018-03-02,npm (causal-imputed)
2018Q1,dd_abs_d60,0.7346792719525563,2018-03-02,npm (causal-imputed)
2018Q1,dd_rel_d60,0.04302186632848937,2018-03-02,npm (causal-imputed)
2018Q1,dd_rel_wide_d60,0.042962729773597275,2018-03-02,npm (causal-imputed)
2018Q1,plc_abs_d60,0.6207733640844957,2018-03-02,npm (causal-imputed)
2018Q1,plc_rel_d60,-0.07088404153957129,2018-03-02,npm (causal-imputed)
2018Q1,ctrl_abs_full,0.42638880726613415,2018-04-01,npm (causal-imputed)
2018Q1,dd_abs_full,0.6299266588053616,2018-04-01,npm (causal-imputed)
2018Q1,dd_rel_full,0.20353785153922743,2018-04-01,npm (causal-imputed)
2018Q1,dd_rel_wide_full,0.2030516004332732,2018-04-01,npm (causal-imputed)
2018Q1,plc_abs_full,0.6331351487913395,2018-04-01,npm (causal-imputed)
2018Q1,plc_rel_full,0.20674634152520532,2018-04-01,npm (causal-imputed)
2018Q2,ctrl_abs_d30,0.35956466972707624,2018-05-01,npm (causal-imputed)
2018Q2,dd_abs_d30,0.5721215128476569,2018-05-01,npm (causal-imputed)
2018Q2,dd_rel_d30,0.21255684312058065,2018-05-01,npm (causal-imputed)
2018Q2,dd_rel_wide_d30,0.2106507308107073,2018-05-01,npm (causal-imputed)
2018Q2,plc_abs_d30,0.752322732945796,2018-05-01,npm (causal-imputed)
2018Q2,plc_rel_d30,0.39275806321871976,2018-05-01,npm (causal-imputed)
2018Q2,ctrl_abs_d45,0.3669858779540256,2018-05-16,npm (causal-imputed)
2018Q2,dd_abs_d45,0.5515811786287692,2018-05-16,npm (causal-imputed)
2018Q2,dd_rel_d45,0.1845953006747436,2018-05-16,npm (causal-imputed)
2018Q2,dd_rel_wide_d45,0.18215734039368314,2018-05-16,npm (causal-imputed)
2018Q2,plc_abs_d45,0.7532108987670938,2018-05-16,npm (causal-imputed)
2018Q2,plc_rel_d45,0.3862250208130682,2018-05-16,npm (causal-imputed)
2018Q2,ctrl_abs_d60,0.4243684495569653,2018-05-31,npm (causal-imputed)
2018Q2,dd_abs_d60,0.5288076376801492,2018-05-31,npm (causal-imputed)
2018Q2,dd_rel_d60,0.10443918812318387,2018-05-31,npm (causal-imputed)
2018Q2,dd_rel_wide_d60,0.10202019626657766,2018-05-31,npm (causal-imputed)
2018Q2,plc_abs_d60,0.7358454045067262,2018-05-31,npm (causal-imputed)
2018Q2,plc_rel_d60,0.3114769549497609,2018-05-31,npm (causal-imputed)
2018Q2,ctrl_abs_full,0.4633574343013862,2018-07-01,npm (causal-imputed)
2018Q2,dd_abs_full,0.7707157794279844,2018-07-01,npm (causal-imputed)
2018Q2,dd_rel_full,0.3073583451265982,2018-07-01,npm (causal-imputed)
2018Q2,dd_rel_wide_full,0.3044970624159973,2018-07-01,npm (causal-imputed)
2018Q2,plc_abs_full,0.7394430294176608,2018-07-01,npm (causal-imputed)
2018Q2,plc_rel_full,0.2760855951162746,2018-07-01,npm (causal-imputed)
2018Q3,ctrl_abs_d30,0.7473294869793925,2018-07-31,npm (causal-imputed)
2018Q3,dd_abs_d30,1.397395168097603,2018-07-31,npm (causal-imputed)
2018Q3,dd_rel_d30,0.6500656811182104,2018-07-31,npm (causal-imputed)
2018Q3,dd_rel_wide_d30,0.6427220992685889,2018-07-31,npm (causal-imputed)
2018Q3,plc_abs_d30,0.7018218418878028,2018-07-31,npm (causal-imputed)
2018Q3,plc_rel_d30,-0.045507645091589666,2018-07-31,npm (causal-imputed)
2018Q3,ctrl_abs_d45,0.6796154425966296,2018-08-15,npm (causal-imputed)
2018Q3,dd_abs_d45,1.4255692978945902,2018-08-15,npm (causal-imputed)
2018Q3,dd_rel_d45,0.7459538552979605,2018-08-15,npm (causal-imputed)
2018Q3,dd_rel_wide_d45,0.7380017213828776,2018-08-15,npm (causal-imputed)
2018Q3,plc_abs_d45,0.6976102669319175,2018-08-15,npm (causal-imputed)
2018Q3,plc_rel_d45,0.017994824335287873,2018-08-15,npm (causal-imputed)
2018Q3,ctrl_abs_d60,0.6536238447967992,2018-08-30,npm (causal-imputed)
2018Q3,dd_abs_d60,1.2647419528505015,2018-08-30,npm (causal-imputed)
2018Q3,dd_rel_d60,0.6111181080537023,2018-08-30,npm (causal-imputed)
2018Q3,dd_rel_wide_d60,0.6024871829091367,2018-08-30,npm (causal-imputed)
2018Q3,plc_abs_d60,0.6844162602551975,2018-08-30,npm (causal-imputed)
2018Q3,plc_rel_d60,0.03079241545839828,2018-08-30,npm (causal-imputed)
2018Q3,ctrl_abs_full,0.6257408045303166,2018-10-01,npm (causal-imputed)
2018Q3,dd_abs_full,1.3405326555773538,2018-10-01,npm (causal-imputed)
2018Q3,dd_rel_full,0.7147918510470372,2018-10-01,npm (causal-imputed)
2018Q3,dd_rel_wide_full,0.7008860333350846,2018-10-01,npm (causal-imputed)
2018Q3,plc_abs_full,0.6735121663219168,2018-10-01,npm (causal-imputed)
2018Q3,plc_rel_full,0.04777136179160024,2018-10-01,npm (causal-imputed)
2018Q4,ctrl_abs_d30,0.804545269849724,2018-10-31,npm (causal-imputed)
2018Q4,dd_abs_d30,1.3409846752711037,2018-10-31,npm (causal-imputed)
2018Q4,dd_rel_d30,0.5364394054213797,2018-10-31,npm (causal-imputed)
2018Q4,dd_rel_wide_d30,0.47356925929778626,2018-10-31,npm (causal-imputed)
2018Q4,plc_abs_d30,0.7361582617792166,2018-10-31,npm (causal-imputed)
2018Q4,plc_rel_d30,-0.06838700807050735,2018-10-31,npm (causal-imputed)
2018Q4,ctrl_abs_d45,0.7804003125758836,2018-11-15,npm (causal-imputed)
2018Q4,dd_abs_d45,1.480729899756522,2018-11-15,npm (causal-imputed)
2018Q4,dd_rel_d45,0.7003295871806383,2018-11-15,npm (causal-imputed)
2018Q4,dd_rel_wide_d45,0.6140797087528451,2018-11-15,npm (causal-imputed)
2018Q4,plc_abs_d45,0.6859077682979873,2018-11-15,npm (causal-imputed)
2018Q4,plc_rel_d45,-0.09449254427789633,2018-11-15,npm (causal-imputed)
2018Q4,ctrl_abs_d60,0.7477760419012647,2018-11-30,npm (causal-imputed)
2018Q4,dd_abs_d60,1.592452706935477,2018-11-30,npm (causal-imputed)
2018Q4,dd_rel_d60,0.8446766650342123,2018-11-30,npm (causal-imputed)
2018Q4,dd_rel_wide_d60,0.7424791806916566,2018-11-30,npm (causal-imputed)
2018Q4,plc_abs_d60,0.673516856723591,2018-11-30,npm (causal-imputed)
2018Q4,plc_rel_d60,-0.07425918517767371,2018-11-30,npm (causal-imputed)
2018Q4,ctrl_abs_full,0.6797399567021696,2019-01-01,npm (causal-imputed)
2018Q4,dd_abs_full,1.8225348510762664,2019-01-01,npm (causal-imputed)
2018Q4,dd_rel_full,1.1427948943740969,2019-01-01,npm (causal-imputed)
2018Q4,dd_rel_wide_full,1.0169256563634175,2019-01-01,npm (causal-imputed)
2018Q4,plc_abs_full,0.6555215637860528,2019-01-01,npm (causal-imputed)
2018Q4,plc_rel_full,-0.024218392916116827,2019-01-01,npm (causal-imputed)
2019Q1,ctrl_abs_d30,0.2644582722944335,2019-01-31,npm (causal-imputed)
2019Q1,dd_abs_d30,2.579228244955713,2019-01-31,npm (causal-imputed)
2019Q1,dd_rel_d30,2.3147699726612796,2019-01-31,npm (causal-imputed)
2019Q1,dd_rel_wide_d30,2.0447137854316555,2019-01-31,npm (causal-imputed)
2019Q1,plc_abs_d30,0.6874351185820551,2019-01-31,npm (causal-imputed)
2019Q1,plc_rel_d30,0.42297684628762156,2019-01-31,npm (causal-imputed)
2019Q1,ctrl_abs_d45,0.18773012890607355,2019-02-15,npm (causal-imputed)
2019Q1,dd_abs_d45,2.621539320634696,2019-02-15,npm (causal-imputed)
2019Q1,dd_rel_d45,2.4338091917286224,2019-02-15,npm (causal-imputed)
2019Q1,dd_rel_wide_d45,2.149061729459529,2019-02-15,npm (causal-imputed)
2019Q1,plc_abs_d45,0.6589969054332698,2019-02-15,npm (causal-imputed)
2019Q1,plc_rel_d45,0.4712667765271963,2019-02-15,npm (causal-imputed)
2019Q1,ctrl_abs_d60,0.06849698673008575,2019-03-02,npm (causal-imputed)
2019Q1,dd_abs_d60,2.5775653069793094,2019-03-02,npm (causal-imputed)
2019Q1,dd_rel_d60,2.5090683202492237,2019-03-02,npm (causal-imputed)
2019Q1,dd_rel_wide_d60,2.2046240551853806,2019-03-02,npm (causal-imputed)
2019Q1,plc_abs_d60,0.6444688798088052,2019-03-02,npm (causal-imputed)
2019Q1,plc_rel_d60,0.5759718930787194,2019-03-02,npm (causal-imputed)
2019Q1,ctrl_abs_full,0.11996483686053061,2019-04-01,npm (causal-imputed)
2019Q1,dd_abs_full,2.6133224736905643,2019-04-01,npm (causal-imputed)
2019Q1,dd_rel_full,2.4933576368300336,2019-04-01,npm (causal-imputed)
2019Q1,dd_rel_wide_full,2.1587178664761577,2019-04-01,npm (causal-imputed)
2019Q1,plc_abs_full,0.6034193723739243,2019-04-01,npm (causal-imputed)
2019Q1,plc_rel_full,0.4834545355133937,2019-04-01,npm (causal-imputed)
2019Q2,ctrl_abs_d30,0.2537982074484795,2019-05-01,npm (causal-imputed)
2019Q2,dd_abs_d30,2.645456868923551,2019-05-01,npm (causal-imputed)
2019Q2,dd_rel_d30,2.3916586614750717,2019-05-01,npm (causal-imputed)
2019Q2,dd_rel_wide_d30,1.9833552051675127,2019-05-01,npm (causal-imputed)
2019Q2,plc_abs_d30,0.5258732381944391,2019-05-01,npm (causal-imputed)
2019Q2,plc_rel_d30,0.2720750307459596,2019-05-01,npm (causal-imputed)
2019Q2,ctrl_abs_d45,0.18513157769252508,2019-05-16,npm (causal-imputed)
2019Q2,dd_abs_d45,2.6608310621974454,2019-05-16,npm (causal-imputed)
2019Q2,dd_rel_d45,2.4756994845049203,2019-05-16,npm (causal-imputed)
2019Q2,dd_rel_wide_d45,2.0595884578453916,2019-05-16,npm (causal-imputed)
2019Q2,plc_abs_d45,0.5249776066514329,2019-05-16,npm (causal-imputed)
2019Q2,plc_rel_d45,0.3398460289589078,2019-05-16,npm (causal-imputed)
2019Q2,ctrl_abs_d60,0.19587764100625016,2019-05-31,npm (causal-imputed)
2019Q2,dd_abs_d60,2.6812757914680496,2019-05-31,npm (causal-imputed)
2019Q2,dd_rel_d60,2.4853981504617995,2019-05-31,npm (causal-imputed)
2019Q2,dd_rel_wide_d60,2.0570957769740392,2019-05-31,npm (causal-imputed)
2019Q2,plc_abs_d60,0.5312394272919612,2019-05-31,npm (causal-imputed)
2019Q2,plc_rel_d60,0.335361786285711,2019-05-31,npm (causal-imputed)
2019Q2,ctrl_abs_full,0.19473798521869767,2019-07-01,npm (causal-imputed)
2019Q2,dd_abs_full,2.536573780486746,2019-07-01,npm (causal-imputed)
2019Q2,dd_rel_full,2.3418357952680484,2019-07-01,npm (causal-imputed)
2019Q2,dd_rel_wide_full,1.8823179080373187,2019-07-01,npm (causal-imputed)
2019Q2,plc_abs_full,0.4788111105826651,2019-07-01,npm (causal-imputed)
2019Q2,plc_rel_full,0.28407312536396745,2019-07-01,npm (causal-imputed)
2019Q3,ctrl_abs_d30,0.18686645134795477,2019-07-31,npm (causal-imputed)
2019Q3,dd_abs_d30,2.4069970549106365,2019-07-31,npm (causal-imputed)
2019Q3,dd_rel_d30,2.2201306035626818,2019-07-31,npm (causal-imputed)
2019Q3,dd_rel_wide_d30,1.622669041994893,2019-07-31,npm (causal-imputed)
2019Q3,plc_abs_d30,0.5172474004038463,2019-07-31,npm (causal-imputed)
2019Q3,plc_rel_d30,0.33038094905589155,2019-07-31,npm (causal-imputed)
2019Q3,ctrl_abs_d45,0.22098068401130533,2019-08-15,npm (causal-imputed)
2019Q3,dd_abs_d45,2.364882197646377,2019-08-15,npm (causal-imputed)
2019Q3,dd_rel_d45,2.143901513635072,2019-08-15,npm (causal-imputed)
2019Q3,dd_rel_wide_d45,1.5440848244745027,2019-08-15,npm (causal-imputed)
2019Q3,plc_abs_d45,0.5164113117204394,2019-08-15,npm (causal-imputed)
2019Q3,plc_rel_d45,0.2954306277091341,2019-08-15,npm (causal-imputed)
2019Q3,ctrl_abs_d60,0.2491833380734345,2019-08-30,npm (causal-imputed)
2019Q3,dd_abs_d60,2.33404429183056,2019-08-30,npm (causal-imputed)
2019Q3,dd_rel_d60,2.0848609537571257,2019-08-30,npm (causal-imputed)
2019Q3,dd_rel_wide_d60,1.4775641479151105,2019-08-30,npm (causal-imputed)
2019Q3,plc_abs_d60,0.5250834623364184,2019-08-30,npm (causal-imputed)
2019Q3,plc_rel_d60,0.27590012426298394,2019-08-30,npm (causal-imputed)
2019Q3,ctrl_abs_full,0.24384954029398642,2019-10-01,npm (causal-imputed)
2019Q3,dd_abs_full,2.264239295259733,2019-10-01,npm (causal-imputed)
2019Q3,dd_rel_full,2.0203897549657466,2019-10-01,npm (causal-imputed)
2019Q3,dd_rel_wide_full,1.3814746534479063,2019-10-01,npm (causal-imputed)
2019Q3,plc_abs_full,0.4953783981846449,2019-10-01,npm (causal-imputed)
2019Q3,plc_rel_full,0.2515288578906585,2019-10-01,npm (causal-imputed)
2019Q3,msft_reported,1.0,2019-10-23,MSFT 8-K 0001193125-19-272562
2019Q3,amzn_reported,1.0,2019-10-24,AMZN 8-K 0001018724-19-000087
2019Q3,googl_reported,1.0,2019-10-28,GOOGL 8-K 0001652044-19-000030
2019Q4,ctrl_abs_d30,-0.16786955900444944,2019-10-31,npm (causal-imputed)
2019Q4,dd_abs_d30,1.987743407279149,2019-10-31,npm (causal-imputed)
2019Q4,dd_rel_d30,2.1556129662835986,2019-10-31,npm (causal-imputed)
2019Q4,dd_rel_wide_d30,1.475418212995839,2019-10-31,npm (causal-imputed)
2019Q4,plc_abs_d30,0.35505515286337896,2019-10-31,npm (causal-imputed)
2019Q4,plc_rel_d30,0.5229247118678284,2019-10-31,npm (causal-imputed)
2019Q4,guide_high_musd,103.0,2019-11-12,8-K EX-99.1 0001564590-19-042935 (UNVERIFIED)
2019Q4,guide_low_musd,101.0,2019-11-12,8-K EX-99.1 0001564590-19-042935 (UNVERIFIED)
2019Q4,guide_mid_musd,102.0,2019-11-12,8-K EX-99.1 0001564590-19-042935 (UNVERIFIED)
2019Q4,rev_yoy_lag1,0.8769628382347183,2019-11-12,"SEC 8-K/10-Q, 2019Q3 print"
2019Q4,ctrl_abs_d45,-0.08934017249601389,2019-11-15,npm (causal-imputed)
2019Q4,dd_abs_d45,1.9165760147681006,2019-11-15,npm (causal-imputed)
2019Q4,dd_rel_d45,2.0059161872641145,2019-11-15,npm (causal-imputed)
2019Q4,dd_rel_wide_d45,1.331632405727591,2019-11-15,npm (causal-imputed)
2019Q4,plc_abs_d45,0.36802931433647856,2019-11-15,npm (causal-imputed)
2019Q4,plc_rel_d45,0.45736948683249246,2019-11-15,npm (causal-imputed)
2019Q4,ctrl_abs_d60,-0.033346145232833635,2019-11-30,npm (causal-imputed)
2019Q4,dd_abs_d60,1.8605415632381614,2019-11-30,npm (causal-imputed)
2019Q4,dd_rel_d60,1.893887708470995,2019-11-30,npm (causal-imputed)
2019Q4,dd_rel_wide_d60,1.2207946855801293,2019-11-30,npm (causal-imputed)
2019Q4,plc_abs_d60,0.37432548490049555,2019-11-30,npm (causal-imputed)
2019Q4,plc_rel_d60,0.4076716301333292,2019-11-30,npm (causal-imputed)
2019Q4,ctrl_abs_full,0.0529343216592828,2020-01-01,npm (causal-imputed)
2019Q4,dd_abs_full,1.739178826466663,2020-01-01,npm (causal-imputed)
2019Q4,dd_rel_full,1.6862445048073802,2020-01-01,npm (causal-imputed)
2019Q4,dd_rel_wide_full,1.0210662852207744,2020-01-01,npm (causal-imputed)
2019Q4,plc_abs_full,0.37124450312505175,2020-01-01,npm (causal-imputed)
2019Q4,plc_rel_full,0.31831018146576895,2020-01-01,npm (causal-imputed)
2019Q4,msft_reported,1.0,2020-01-29,MSFT 8-K 0001193125-20-018383
2019Q4,amzn_reported,1.0,2020-01-30,AMZN 8-K 0001018724-20-000002
2019Q4,googl_reported,1.0,2020-02-03,GOOGL 8-K 0001652044-20-000004
2020Q1,rev_yoy_lag2,0.8769628382347183,2019-11-12,"SEC 8-K/10-Q, 2019Q3 print"
2020Q1,ctrl_abs_d30,0.40165169381075394,2020-01-31,npm (causal-imputed)
2020Q1,dd_abs_d30,1.5046538654819344,2020-01-31,npm (causal-imputed)
2020Q1,dd_rel_d30,1.1030021716711804,2020-01-31,npm (causal-imputed)
2020Q1,dd_rel_wide_d30,0.5768406387419276,2020-01-31,npm (causal-imputed)
2020Q1,plc_abs_d30,0.3219337057432483,2020-01-31,npm (causal-imputed)
2020Q1,plc_rel_d30,-0.07971798806750563,2020-01-31,npm (causal-imputed)
2020Q1,guide_high_musd,119.0,2020-02-13,8-K EX-99.1 0001564590-20-004607 (UNVERIFIED)
2020Q1,guide_low_musd,117.0,2020-02-13,8-K EX-99.1 0001564590-20-004607 (UNVERIFIED)
2020Q1,guide_mid_musd,118.0,2020-02-13,8-K EX-99.1 0001564590-20-004607 (UNVERIFIED)
2020Q1,ctrl_abs_d45,0.41497206502305595,2020-02-15,npm (causal-imputed)
2020Q1,dd_abs_d45,1.496520683515282,2020-02-15,npm (causal-imputed)
2020Q1,dd_rel_d45,1.081548618492226,2020-02-15,npm (causal-imputed)
2020Q1,dd_rel_wide_d45,0.5492271568101597,2020-02-15,npm (causal-imputed)
2020Q1,plc_abs_d45,0.33533802990580597,2020-02-15,npm (causal-imputed)
2020Q1,plc_rel_d45,-0.07963403511724998,2020-02-15,npm (causal-imputed)
2020Q1,ctrl_abs_d60,0.4316741522395837,2020-03-01,npm (causal-imputed)
2020Q1,dd_abs_d60,1.4541958393135666,2020-03-01,npm (causal-imputed)
2020Q1,dd_rel_d60,1.0225216870739828,2020-03-01,npm (causal-imputed)
2020Q1,dd_rel_wide_d60,0.5028258102543344,2020-03-01,npm (causal-imputed)
2020Q1,plc_abs_d60,0.3224923304955851,2020-03-01,npm (causal-imputed)
2020Q1,plc_rel_d60,-0.1091818217439986,2020-03-01,npm (causal-imputed)
2020Q1,ctrl_abs_full,0.47044317459407914,2020-04-01,npm (causal-imputed)
2020Q1,dd_abs_full,1.4656072262927289,2020-04-01,npm (causal-imputed)
2020Q1,dd_rel_full,0.9951640516986497,2020-04-01,npm (causal-imputed)
2020Q1,dd_rel_wide_full,0.48943412702842437,2020-04-01,npm (causal-imputed)
2020Q1,plc_abs_full,0.376617107063165,2020-04-01,npm (causal-imputed)
2020Q1,plc_rel_full,-0.09382606753091416,2020-04-01,npm (causal-imputed)
2020Q1,googl_reported,1.0,2020-04-28,GOOGL 8-K 0001652044-20-000018
2020Q1,msft_reported,1.0,2020-04-29,MSFT 8-K 0001193125-20-126089
2020Q1,amzn_reported,1.0,2020-04-30,AMZN 8-K 0001018724-20-000008
2020Q2,ctrl_abs_d30,0.6728234018201338,2020-05-01,npm (causal-imputed)
2020Q2,dd_abs_d30,1.5314436030355623,2020-05-01,npm (causal-imputed)
2020Q2,dd_rel_d30,0.8586202012154285,2020-05-01,npm (causal-imputed)
2020Q2,dd_rel_wide_d30,0.46915902492616546,2020-05-01,npm (causal-imputed)
2020Q2,plc_abs_d30,0.4914978424321603,2020-05-01,npm (causal-imputed)
2020Q2,plc_rel_d30,-0.18132555938797346,2020-05-01,npm (causal-imputed)
2020Q2,guide_high_musd,136.0,2020-05-11,8-K EX-99.1 0001564590-20-024231 (UNVERIFIED)
2020Q2,guide_low_musd,134.0,2020-05-11,8-K EX-99.1 0001564590-20-024231 (UNVERIFIED)
2020Q2,guide_mid_musd,135.0,2020-05-11,8-K EX-99.1 0001564590-20-024231 (UNVERIFIED)
2020Q2,rev_yoy_lag1,0.8736331192005711,2020-05-11,"SEC 8-K/10-Q, 2020Q1 print"
2020Q2,ctrl_abs_d45,0.7034847362390444,2020-05-16,npm (causal-imputed)
2020Q2,dd_abs_d45,1.5000700595753163,2020-05-16,npm (causal-imputed)
2020Q2,dd_rel_d45,0.7965853233362719,2020-05-16,npm (causal-imputed)
2020Q2,dd_rel_wide_d45,0.4031930679944917,2020-05-16,npm (causal-imputed)
2020Q2,plc_abs_d45,0.4698620066102954,2020-05-16,npm (causal-imputed)
2020Q2,plc_rel_d45,-0.23362272962874897,2020-05-16,npm (causal-imputed)
2020Q2,ctrl_abs_d60,0.6825033909288436,2020-05-31,npm (causal-imputed)
2020Q2,dd_abs_d60,1.4565801088686854,2020-05-31,npm (causal-imputed)
2020Q2,dd_rel_d60,0.7740767179398418,2020-05-31,npm (causal-imputed)
2020Q2,dd_rel_wide_d60,0.38584344758878153,2020-05-31,npm (causal-imputed)
2020Q2,plc_abs_d60,0.4529311352283294,2020-05-31,npm (causal-imputed)
2020Q2,plc_rel_d60,-0.2295722557005142,2020-05-31,npm (causal-imputed)
2020Q2,ctrl_abs_full,0.707840630731079,2020-07-01,npm (causal-imputed)
2020Q2,dd_abs_full,1.424496508203319,2020-07-01,npm (causal-imputed)
2020Q2,dd_rel_full,0.71665587747224,2020-07-01,npm (causal-imputed)
2020Q2,dd_rel_wide_full,0.32445447320594134,2020-07-01,npm (causal-imputed)
2020Q2,plc_abs_full,0.4773720611874346,2020-07-01,npm (causal-imputed)
2020Q2,plc_rel_full,-0.23046856954364436,2020-07-01,npm (causal-imputed)
2020Q2,msft_reported,1.0,2020-07-22,MSFT 8-K 0001193125-20-197109
2020Q2,amzn_reported,1.0,2020-07-30,AMZN 8-K 0001018724-20-000019
2020Q2,googl_reported,1.0,2020-07-30,GOOGL 8-K 0001652044-20-000031
2020Q3,rev_musd_lag4,95.864,2019-11-12,"SEC, 2019Q3 print"
2020Q3,rev_yoy_lag4,0.8769628382347183,2019-11-12,"SEC 8-K/10-Q, 2019Q3 print"
2020Q3,rev_yoy_lag2,0.8736331192005711,2020-05-11,"SEC 8-K/10-Q, 2020Q1 print"
2020Q3,ctrl_abs_d30,0.7413052758719356,2020-07-31,npm (causal-imputed)
2020Q3,dd_abs_d30,1.4303793668534688,2020-07-31,npm (causal-imputed)
2020Q3,dd_rel_d30,0.6890740909815332,2020-07-31,npm (causal-imputed)
2020Q3,dd_rel_wide_d30,0.338408275645552,2020-07-31,npm (causal-imputed)
2020Q3,plc_abs_d30,0.5231505619877801,2020-07-31,npm (causal-imputed)
2020Q3,plc_rel_d30,-0.21815471388415553,2020-07-31,npm (causal-imputed)
2020Q3,guide_high_musd,145.0,2020-08-06,8-K EX-99.1 0001564590-20-037808 (UNVERIFIED)
2020Q3,guide_low_musd,143.0,2020-08-06,8-K EX-99.1 0001564590-20-037808 (UNVERIFIED)
2020Q3,guide_mid_musd,144.0,2020-08-06,8-K EX-99.1 0001564590-20-037808 (UNVERIFIED)
2020Q3,rev_yoy_lag1,0.6823916752781716,2020-08-06,"SEC 8-K/10-Q, 2020Q2 print"
2020Q3,ctrl_abs_d45,0.7011535847253718,2020-08-15,npm (causal-imputed)
2020Q3,dd_abs_d45,1.5104059055035801,2020-08-15,npm (causal-imputed)
2020Q3,dd_rel_d45,0.8092523207782083,2020-08-15,npm (causal-imputed)
2020Q3,dd_rel_wide_d45,0.43018746242565165,2020-08-15,npm (causal-imputed)
2020Q3,plc_abs_d45,0.5167716784537824,2020-08-15,npm (causal-imputed)
2020Q3,plc_rel_d45,-0.18438190627158946,2020-08-15,npm (causal-imputed)
2020Q3,ctrl_abs_d60,0.658537347718223,2020-08-30,npm (causal-imputed)
2020Q3,dd_abs_d60,1.5430534533637879,2020-08-30,npm (causal-imputed)
2020Q3,dd_rel_d60,0.8845161056455648,2020-08-30,npm (causal-imputed)
2020Q3,dd_rel_wide_d60,0.4809977872256237,2020-08-30,npm (causal-imputed)
2020Q3,plc_abs_d60,0.503202688593813,2020-08-30,npm (causal-imputed)
2020Q3,plc_rel_d60,-0.15533465912441002,2020-08-30,npm (causal-imputed)
2020Q3,ctrl_abs_full,0.6585240055001478,2020-10-01,npm (causal-imputed)
2020Q3,dd_abs_full,1.5589249949363246,2020-10-01,npm (causal-imputed)
2020Q3,dd_rel_full,0.9004009894361769,2020-10-01,npm (causal-imputed)
2020Q3,dd_rel_wide_full,0.48736827428503027,2020-10-01,npm (causal-imputed)
2020Q3,plc_abs_full,0.5402130714485374,2020-10-01,npm (causal-imputed)
2020Q3,plc_rel_full,-0.11831093405161042,2020-10-01,npm (causal-imputed)
2020Q3,msft_reported,1.0,2020-10-27,MSFT 8-K 0001193125-20-278410
2020Q3,amzn_reported,1.0,2020-10-29,AMZN 8-K 0001018724-20-000028
2020Q3,googl_reported,1.0,2020-10-29,GOOGL 8-K 0001652044-20-000046
2020Q4,rev_musd_lag4,113.644,2020-02-13,"SEC, 2019Q4 print"
2020Q4,rev_yoy_lag2,0.6823916752781716,2020-08-06,"SEC 8-K/10-Q, 2020Q2 print"
2020Q4,ctrl_abs_d30,0.637640413351118,2020-10-31,npm (causal-imputed)
2020Q4,dd_abs_d30,1.4813670121418898,2020-10-31,npm (causal-imputed)
2020Q4,dd_rel_d30,0.8437265987907718,2020-10-31,npm (causal-imputed)
2020Q4,dd_rel_wide_d30,0.431466690286884,2020-10-31,npm (causal-imputed)
2020Q4,plc_abs_d30,0.623181427954087,2020-10-31,npm (causal-imputed)
2020Q4,plc_rel_d30,-0.014458985397030943,2020-10-31,npm (causal-imputed)
2020Q4,guide_high_musd,164.0,2020-11-10,8-K EX-99.1 0001564590-20-052986 (UNVERIFIED)
2020Q4,guide_low_musd,162.0,2020-11-10,8-K EX-99.1 0001564590-20-052986 (UNVERIFIED)
2020Q4,guide_mid_musd,163.0,2020-11-10,8-K EX-99.1 0001564590-20-052986 (UNVERIFIED)
2020Q4,rev_yoy_lag1,0.6134836852207293,2020-11-10,"SEC 8-K/10-Q, 2020Q3 print"
2020Q4,ctrl_abs_d45,0.5800527118717032,2020-11-15,npm (causal-imputed)
2020Q4,dd_abs_d45,1.4035606266350307,2020-11-15,npm (causal-imputed)
2020Q4,dd_rel_d45,0.8235079147633275,2020-11-15,npm (causal-imputed)
2020Q4,dd_rel_wide_d45,0.4139085443249275,2020-11-15,npm (causal-imputed)
2020Q4,plc_abs_d45,0.604304142186816,2020-11-15,npm (causal-imputed)
2020Q4,plc_rel_d45,0.0242514303151129,2020-11-15,npm (causal-imputed)
2020Q4,ctrl_abs_d60,0.5393723447556944,2020-11-30,npm (causal-imputed)
2020Q4,dd_abs_d60,1.3563368664604631,2020-11-30,npm (causal-imputed)
2020Q4,dd_rel_d60,0.8169645217047687,2020-11-30,npm (causal-imputed)
2020Q4,dd_rel_wide_d60,0.40375135839301635,2020-11-30,npm (causal-imputed)
2020Q4,plc_abs_d60,0.5993387515621542,2020-11-30,npm (causal-imputed)
2020Q4,plc_rel_d60,0.059966406806459815,2020-11-30,npm (causal-imputed)
2020Q4,ctrl_abs_full,0.5627813577961813,2021-01-01,npm (causal-imputed)
2020Q4,dd_abs_full,1.3908751434504865,2021-01-01,npm (causal-imputed)
2020Q4,dd_rel_full,0.8280937856543051,2021-01-01,npm (causal-imputed)
2020Q4,dd_rel_wide_full,0.4125967424755288,2021-01-01,npm (causal-imputed)
2020Q4,plc_abs_full,0.6433449149826345,2021-01-01,npm (causal-imputed)
2020Q4,plc_rel_full,0.08056355718645314,2021-01-01,npm (causal-imputed)
2020Q4,msft_reported,1.0,2021-01-26,MSFT 8-K 0001193125-21-017683
2020Q4,amzn_reported,1.0,2021-02-02,AMZN 8-K 0001018724-21-000002
2020Q4,googl_reported,1.0,2021-02-02,GOOGL 8-K 0001652044-21-000006
2021Q1,rev_musd_lag4,131.248,2020-05-11,"SEC, 2020Q1 print"
2021Q1,rev_yoy_lag4,0.8736331192005711,2020-05-11,"SEC 8-K/10-Q, 2020Q1 print"
2021Q1,rev_yoy_lag2,0.6134836852207293,2020-11-10,"SEC 8-K/10-Q, 2020Q3 print"
2021Q1,ctrl_abs_d30,0.4532456006379597,2021-01-31,npm (causal-imputed)
2021Q1,dd_abs_d30,1.3484094706103882,2021-01-31,npm (causal-imputed)
2021Q1,dd_rel_d30,0.8951638699724285,2021-01-31,npm (causal-imputed)
2021Q1,dd_rel_wide_d30,0.25490433188009654,2021-01-31,npm (causal-imputed)
2021Q1,plc_abs_d30,0.6353707474636465,2021-01-31,npm (causal-imputed)
2021Q1,plc_rel_d30,0.1821251468256868,2021-01-31,npm (causal-imputed)
2021Q1,guide_high_musd,187.0,2021-02-11,8-K EX-99.1 0001564590-21-005553 (UNVERIFIED)
2021Q1,guide_low_musd,185.0,2021-02-11,8-K EX-99.1 0001564590-21-005553 (UNVERIFIED)
2021Q1,guide_mid_musd,186.0,2021-02-11,8-K EX-99.1 0001564590-21-005553 (UNVERIFIED)
2021Q1,rev_yoy_lag1,0.5621678223223399,2021-02-11,"SEC 8-K/10-Q, 2020Q4 print"
2021Q1,ctrl_abs_d45,0.4488132458341063,2021-02-15,npm (causal-imputed)
2021Q1,dd_abs_d45,1.3275449019325212,2021-02-15,npm (causal-imputed)
2021Q1,dd_rel_d45,0.8787316560984149,2021-02-15,npm (causal-imputed)
2021Q1,dd_rel_wide_d45,0.22704037232340646,2021-02-15,npm (causal-imputed)
2021Q1,plc_abs_d45,0.6292689453289526,2021-02-15,npm (causal-imputed)
2021Q1,plc_rel_d45,0.1804556994948463,2021-02-15,npm (causal-imputed)
2021Q1,ctrl_abs_d60,0.4644475429945629,2021-03-02,npm (causal-imputed)
2021Q1,dd_abs_d60,1.3702534059237923,2021-03-02,npm (causal-imputed)
2021Q1,dd_rel_d60,0.9058058629292294,2021-03-02,npm (causal-imputed)
2021Q1,dd_rel_wide_d60,0.23766486811475218,2021-03-02,npm (causal-imputed)
2021Q1,plc_abs_d60,0.6550466478048946,2021-03-02,npm (causal-imputed)
2021Q1,plc_rel_d60,0.1905991048103317,2021-03-02,npm (causal-imputed)
2021Q1,ctrl_abs_full,0.41522612487716515,2021-04-01,npm (causal-imputed)
2021Q1,dd_abs_full,1.4034694346139673,2021-04-01,npm (causal-imputed)
2021Q1,dd_rel_full,0.9882433097368022,2021-04-01,npm (causal-imputed)
2021Q1,dd_rel_wide_full,0.28537451322842955,2021-04-01,npm (causal-imputed)
2021Q1,plc_abs_full,0.6493140034835463,2021-04-01,npm (causal-imputed)
2021Q1,plc_rel_full,0.23408787860638114,2021-04-01,npm (causal-imputed)
2021Q1,googl_reported,1.0,2021-04-27,GOOGL 8-K 0001652044-21-000018
2021Q1,msft_reported,1.0,2021-04-27,MSFT 8-K 0001193125-21-134213
2021Q1,amzn_reported,1.0,2021-04-29,AMZN 8-K 0001018724-21-000008
2021Q2,rev_musd_lag4,140.012,2020-08-06,"SEC, 2020Q2 print"
2021Q2,rev_yoy_lag4,0.6823916752781716,2020-08-06,"SEC 8-K/10-Q, 2020Q2 print"
2021Q2,rev_yoy_lag2,0.5621678223223399,2021-02-11,"SEC 8-K/10-Q, 2020Q4 print"
2021Q2,ctrl_abs_d30,-0.021108511733441304,2021-05-01,npm (causal-imputed)
2021Q2,dd_abs_d30,1.2799239121427082,2021-05-01,npm (causal-imputed)
2021Q2,dd_rel_d30,1.3010324238761495,2021-05-01,npm (causal-imputed)
2021Q2,dd_rel_wide_d30,0.2835424831396356,2021-05-01,npm (causal-imputed)
2021Q2,plc_abs_d30,0.5771029524384126,2021-05-01,npm (causal-imputed)
2021Q2,plc_rel_d30,0.5982114641718539,2021-05-01,npm (causal-imputed)
2021Q2,guide_high_musd,213.0,2021-05-06,8-K EX-99.1 0001561550-21-000004 (UNVERIFIED)
2021Q2,guide_low_musd,211.0,2021-05-06,8-K EX-99.1 0001561550-21-000004 (UNVERIFIED)
2021Q2,guide_mid_musd,212.0,2021-05-06,8-K EX-99.1 0001561550-21-000004 (UNVERIFIED)
2021Q2,rev_yoy_lag1,0.5127773375594296,2021-05-06,"SEC 8-K/10-Q, 2021Q1 print"
2021Q2,ctrl_abs_d45,-0.045813711891861786,2021-05-16,npm (causal-imputed)
2021Q2,dd_abs_d45,1.2436375982522119,2021-05-16,npm (causal-imputed)
2021Q2,dd_rel_d45,1.2894513101440737,2021-05-16,npm (causal-imputed)
2021Q2,dd_rel_wide_d45,0.26557540369960897,2021-05-16,npm (causal-imputed)
2021Q2,plc_abs_d45,0.5727002689693386,2021-05-16,npm (causal-imputed)
2021Q2,plc_rel_d45,0.6185139808612004,2021-05-16,npm (causal-imputed)
2021Q2,ctrl_abs_d60,-0.029802594238537594,2021-05-31,npm (causal-imputed)
2021Q2,dd_abs_d60,1.2631872627649088,2021-05-31,npm (causal-imputed)
2021Q2,dd_rel_d60,1.2929898570034464,2021-05-31,npm (causal-imputed)
2021Q2,dd_rel_wide_d60,0.26815669795426444,2021-05-31,npm (causal-imputed)
2021Q2,plc_abs_d60,0.5886214135899728,2021-05-31,npm (causal-imputed)
2021Q2,plc_rel_d60,0.6184240078285104,2021-05-31,npm (causal-imputed)
2021Q2,ctrl_abs_full,-0.014955203261056482,2021-07-01,npm (causal-imputed)
2021Q2,dd_abs_full,1.2624450889678602,2021-07-01,npm (causal-imputed)
2021Q2,dd_rel_full,1.2774002922289167,2021-07-01,npm (causal-imputed)
2021Q2,dd_rel_wide_full,0.2797372916023857,2021-07-01,npm (causal-imputed)
2021Q2,plc_abs_full,0.5968827081851913,2021-07-01,npm (causal-imputed)
2021Q2,plc_rel_full,0.6118379114462478,2021-07-01,npm (causal-imputed)
2021Q2,googl_reported,1.0,2021-07-27,GOOGL 8-K 0001652044-21-000041
2021Q2,msft_reported,1.0,2021-07-27,MSFT 8-K 0001193125-21-225746
2021Q2,amzn_reported,1.0,2021-07-29,AMZN 8-K 0001018724-21-000018
2021Q3,rev_musd_lag4,154.675,2020-11-10,"SEC, 2020Q3 print"
2021Q3,rev_yoy_lag4,0.6134836852207293,2020-11-10,"SEC 8-K/10-Q, 2020Q3 print"
2021Q3,rev_yoy_lag2,0.5127773375594296,2021-05-06,"SEC 8-K/10-Q, 2021Q1 print"
2021Q3,ctrl_abs_d30,-0.008929067422023707,2021-07-31,npm (causal-imputed)
2021Q3,dd_abs_d30,1.1923283518499623,2021-07-31,npm (causal-imputed)
2021Q3,dd_rel_d30,1.201257419271986,2021-07-31,npm (causal-imputed)
2021Q3,dd_rel_wide_d30,0.3386249848119238,2021-07-31,npm (causal-imputed)
2021Q3,plc_abs_d30,0.504093869526681,2021-07-31,npm (causal-imputed)
2021Q3,plc_rel_d30,0.5130229369487047,2021-07-31,npm (causal-imputed)
2021Q3,guide_high_musd,248.0,2021-08-05,8-K EX-99.1 0001561550-21-000015 (UNVERIFIED)
2021Q3,guide_low_musd,246.0,2021-08-05,8-K EX-99.1 0001561550-21-000015 (UNVERIFIED)
2021Q3,guide_mid_musd,247.0,2021-08-05,8-K EX-99.1 0001561550-21-000015 (UNVERIFIED)
2021Q3,rev_yoy_lag1,0.6680641659286346,2021-08-05,"SEC 8-K/10-Q, 2021Q2 print"
2021Q3,ctrl_abs_d45,-0.025195156992911194,2021-08-15,npm (causal-imputed)
2021Q3,dd_abs_d45,1.1652401163363564,2021-08-15,npm (causal-imputed)
2021Q3,dd_rel_d45,1.1904352733292676,2021-08-15,npm (causal-imputed)
2021Q3,dd_rel_wide_d45,0.33956540171882565,2021-08-15,npm (causal-imputed)
2021Q3,plc_abs_d45,0.48870076220163483,2021-08-15,npm (causal-imputed)
2021Q3,plc_rel_d45,0.513895919194546,2021-08-15,npm (causal-imputed)
2021Q3,ctrl_abs_d60,-0.016186083201779056,2021-08-30,npm (causal-imputed)
2021Q3,dd_abs_d60,1.1459518178816985,2021-08-30,npm (causal-imputed)
2021Q3,dd_rel_d60,1.1621379010834776,2021-08-30,npm (causal-imputed)
2021Q3,dd_rel_wide_d60,0.3396846724293816,2021-08-30,npm (causal-imputed)
2021Q3,plc_abs_d60,0.48730262229635457,2021-08-30,npm (causal-imputed)
2021Q3,plc_rel_d60,0.5034887054981336,2021-08-30,npm (causal-imputed)
2021Q3,ctrl_abs_full,0.017804052250745883,2021-10-01,npm (causal-imputed)
2021Q3,dd_abs_full,1.1854074314332639,2021-10-01,npm (causal-imputed)
2021Q3,dd_rel_full,1.167603379182518,2021-10-01,npm (causal-imputed)
2021Q3,dd_rel_wide_full,0.3779507573580272,2021-10-01,npm (causal-imputed)
2021Q3,plc_abs_full,0.498284255826146,2021-10-01,npm (causal-imputed)
2021Q3,plc_rel_full,0.4804802035754001,2021-10-01,npm (causal-imputed)
2021Q3,googl_reported,1.0,2021-10-26,GOOGL 8-K 0001652044-21-000054
2021Q3,msft_reported,1.0,2021-10-26,MSFT 8-K 0001193125-21-307941
2021Q3,amzn_reported,1.0,2021-10-28,AMZN 8-K 0001018724-21-000026
2021Q4,rev_musd_lag4,177.531,2021-02-11,"SEC, 2020Q4 print"
2021Q4,rev_yoy_lag4,0.5621678223223399,2021-02-11,"SEC 8-K/10-Q, 2020Q4 print"
2021Q4,rev_yoy_lag2,0.6680641659286346,2021-08-05,"SEC 8-K/10-Q, 2021Q2 print"
2021Q4,ctrl_abs_d30,-0.01998412350126344,2021-10-31,npm (causal-imputed)
2021Q4,dd_abs_d30,1.1928457463627264,2021-10-31,npm (causal-imputed)
2021Q4,dd_rel_d30,1.2128298698639899,2021-10-31,npm (causal-imputed)
2021Q4,dd_rel_wide_d30,0.49793438713096627,2021-10-31,npm (causal-imputed)
2021Q4,plc_abs_d30,0.43150470504740923,2021-10-31,npm (causal-imputed)
2021Q4,plc_rel_d30,0.45148882854867267,2021-10-31,npm (causal-imputed)
2021Q4,guide_high_musd,292.0,2021-11-04,8-K EX-99.1 0001561550-21-000024 (UNVERIFIED)
2021Q4,guide_low_musd,290.0,2021-11-04,8-K EX-99.1 0001561550-21-000024 (UNVERIFIED)
2021Q4,guide_mid_musd,291.0,2021-11-04,8-K EX-99.1 0001561550-21-000024 (UNVERIFIED)
2021Q4,rev_yoy_lag1,0.7487506061095845,2021-11-04,"SEC 8-K/10-Q, 2021Q3 print"
2021Q4,ctrl_abs_d45,0.019171680705101224,2021-11-15,npm (causal-imputed)
2021Q4,dd_abs_d45,1.2633283389972636,2021-11-15,npm (causal-imputed)
2021Q4,dd_rel_d45,1.2441566582921624,2021-11-15,npm (causal-imputed)
2021Q4,dd_rel_wide_d45,0.5476261042936326,2021-11-15,npm (causal-imputed)
2021Q4,plc_abs_d45,0.4389967283639322,2021-11-15,npm (causal-imputed)
2021Q4,plc_rel_d45,0.419825047658831,2021-11-15,npm (causal-imputed)
2021Q4,ctrl_abs_d60,0.0773584355684438,2021-11-30,npm (causal-imputed)
2021Q4,dd_abs_d60,1.3187184213859489,2021-11-30,npm (causal-imputed)
2021Q4,dd_rel_d60,1.241359985817505,2021-11-30,npm (causal-imputed)
2021Q4,dd_rel_wide_d60,0.5694070742403561,2021-11-30,npm (causal-imputed)
2021Q4,plc_abs_d60,0.45368916414495075,2021-11-30,npm (causal-imputed)
2021Q4,plc_rel_d60,0.37633072857650696,2021-11-30,npm (causal-imputed)
2021Q4,ctrl_abs_full,0.09838139428529402,2022-01-01,npm (causal-imputed)
2021Q4,dd_abs_full,1.3306406337889243,2022-01-01,npm (causal-imputed)
2021Q4,dd_rel_full,1.2322592395036303,2022-01-01,npm (causal-imputed)
2021Q4,dd_rel_wide_full,0.5820637221497869,2022-01-01,npm (causal-imputed)
2021Q4,plc_abs_full,0.47836750413735984,2022-01-01,npm (causal-imputed)
2021Q4,plc_rel_full,0.3799861098520658,2022-01-01,npm (causal-imputed)
2021Q4,msft_reported,1.0,2022-01-25,MSFT 8-K 0001193125-22-017041
2021Q4,googl_reported,1.0,2022-02-01,GOOGL 8-K 0001652044-22-000015
2021Q4,amzn_reported,1.0,2022-02-03,AMZN 8-K 0001018724-22-000002
2022Q1,rev_musd_lag4,198.549,2021-05-06,"SEC, 2021Q1 print"
2022Q1,rev_yoy_lag4,0.5127773375594296,2021-05-06,"SEC 8-K/10-Q, 2021Q1 print"
2022Q1,rev_yoy_lag2,0.7487506061095845,2021-11-04,"SEC 8-K/10-Q, 2021Q3 print"
2022Q1,ctrl_abs_d30,0.20855435704427094,2022-01-31,npm (causal-imputed)
2022Q1,dd_abs_d30,1.2934254856958844,2022-01-31,npm (causal-imputed)
2022Q1,dd_rel_d30,1.0848711286516135,2022-01-31,npm (causal-imputed)
2022Q1,dd_rel_wide_d30,0.679996177853976,2022-01-31,npm (causal-imputed)
2022Q1,plc_abs_d30,0.5782839152198598,2022-01-31,npm (causal-imputed)
2022Q1,plc_rel_d30,0.36972955817558883,2022-01-31,npm (causal-imputed)
2022Q1,guide_high_musd,339.0,2022-02-10,8-K EX-99.1 0001561550-22-000004 (UNVERIFIED)
2022Q1,guide_low_musd,334.0,2022-02-10,8-K EX-99.1 0001561550-22-000004 (UNVERIFIED)
2022Q1,guide_mid_musd,336.5,2022-02-10,8-K EX-99.1 0001561550-22-000004 (UNVERIFIED)
2022Q1,rev_yoy_lag1,0.8374143107400962,2022-02-10,"SEC 8-K/10-Q, 2021Q4 print"
2022Q1,ctrl_abs_d45,0.24385205497751805,2022-02-15,npm (causal-imputed)
2022Q1,dd_abs_d45,1.3055966560969434,2022-02-15,npm (causal-imputed)
2022Q1,dd_rel_d45,1.0617446011194254,2022-02-15,npm (causal-imputed)
2022Q1,dd_rel_wide_d45,0.6828704817064999,2022-02-15,npm (causal-imputed)
2022Q1,plc_abs_d45,0.5993405616937402,2022-02-15,npm (causal-imputed)
2022Q1,plc_rel_d45,0.3554885067162221,2022-02-15,npm (causal-imputed)
2022Q1,ctrl_abs_d60,0.23947950484593505,2022-03-02,npm (causal-imputed)
2022Q1,dd_abs_d60,1.2673787514527461,2022-03-02,npm (causal-imputed)
2022Q1,dd_rel_d60,1.027899246606811,2022-03-02,npm (causal-imputed)
2022Q1,dd_rel_wide_d60,0.663534480913679,2022-03-02,npm (causal-imputed)
2022Q1,plc_abs_d60,0.5885668485583757,2022-03-02,npm (causal-imputed)
2022Q1,plc_rel_d60,0.34908734371244066,2022-03-02,npm (causal-imputed)
2022Q1,ctrl_abs_full,0.24235418995821334,2022-04-01,npm (causal-imputed)
2022Q1,dd_abs_full,1.225850484099496,2022-04-01,npm (causal-imputed)
2022Q1,dd_rel_full,0.9834962941412826,2022-04-01,npm (causal-imputed)
2022Q1,dd_rel_wide_full,0.6382042320266983,2022-04-01,npm (causal-imputed)
2022Q1,plc_abs_full,0.5615085339071619,2022-04-01,npm (causal-imputed)
2022Q1,plc_rel_full,0.3191543439489486,2022-04-01,npm (causal-imputed)
2022Q1,googl_reported,1.0,2022-04-26,GOOGL 8-K 0001652044-22-000025
2022Q1,msft_reported,1.0,2022-04-26,MSFT 8-K 0001193125-22-120207
2022Q1,amzn_reported,1.0,2022-04-28,AMZN 8-K 0001018724-22-000011
2022Q2,rev_musd_lag4,233.549,2021-08-05,"SEC, 2021Q2 print"
2022Q2,rev_yoy_lag4,0.6680641659286346,2021-08-05,"SEC 8-K/10-Q, 2021Q2 print"
2022Q2,rev_yoy_lag2,0.8374143107400962,2022-02-10,"SEC 8-K/10-Q, 2021Q4 print"
2022Q2,ctrl_abs_d30,0.2820732394093035,2022-05-01,npm (causal-imputed)
2022Q2,dd_abs_d30,1.1984589426566945,2022-05-01,npm (causal-imputed)
2022Q2,dd_rel_d30,0.916385703247391,2022-05-01,npm (causal-imputed)
2022Q2,dd_rel_wide_d30,0.5671788041863888,2022-05-01,npm (causal-imputed)
2022Q2,plc_abs_d30,0.449321717648985,2022-05-01,npm (causal-imputed)
2022Q2,plc_rel_d30,0.16724847823968148,2022-05-01,npm (causal-imputed)
2022Q2,guide_high_musd,380.0,2022-05-05,8-K EX-99.1 0001561550-22-000023 (UNVERIFIED)
2022Q2,guide_low_musd,376.0,2022-05-05,8-K EX-99.1 0001561550-22-000023 (UNVERIFIED)
2022Q2,guide_mid_musd,378.0,2022-05-05,8-K EX-99.1 0001561550-22-000023 (UNVERIFIED)
2022Q2,rev_yoy_lag1,0.828415151927232,2022-05-05,"SEC 8-K/10-Q, 2022Q1 print"
2022Q2,ctrl_abs_d45,0.28381875789680144,2022-05-16,npm (causal-imputed)
2022Q2,dd_abs_d45,1.1968743477934343,2022-05-16,npm (causal-imputed)
2022Q2,dd_rel_d45,0.9130555898966328,2022-05-16,npm (causal-imputed)
2022Q2,dd_rel_wide_d45,0.6048549126248002,2022-05-16,npm (causal-imputed)
2022Q2,plc_abs_d45,0.43626805325683193,2022-05-16,npm (causal-imputed)
2022Q2,plc_rel_d45,0.1524492953600305,2022-05-16,npm (causal-imputed)
2022Q2,ctrl_abs_d60,0.30737530028793003,2022-05-31,npm (causal-imputed)
2022Q2,dd_abs_d60,1.2003008503840462,2022-05-31,npm (causal-imputed)
2022Q2,dd_rel_d60,0.8929255500961162,2022-05-31,npm (causal-imputed)
2022Q2,dd_rel_wide_d60,0.6033031690101787,2022-05-31,npm (causal-imputed)
2022Q2,plc_abs_d60,0.456187041151793,2022-05-31,npm (causal-imputed)
2022Q2,plc_rel_d60,0.14881174086386295,2022-05-31,npm (causal-imputed)
2022Q2,ctrl_abs_full,0.32329799252680225,2022-07-01,npm (causal-imputed)
2022Q2,dd_abs_full,1.1702416134656417,2022-07-01,npm (causal-imputed)
2022Q2,dd_rel_full,0.8469436209388395,2022-07-01,npm (causal-imputed)
2022Q2,dd_rel_wide_full,0.5854769662989341,2022-07-01,npm (causal-imputed)
2022Q2,plc_abs_full,0.47024489913791356,2022-07-01,npm (causal-imputed)
2022Q2,plc_rel_full,0.14694690661111132,2022-07-01,npm (causal-imputed)
2022Q2,googl_reported,1.0,2022-07-26,GOOGL 8-K 0001652044-22-000068
2022Q2,msft_reported,1.0,2022-07-26,MSFT 8-K 0001193125-22-202034
2022Q2,amzn_reported,1.0,2022-07-28,AMZN 8-K 0001018724-22-000017
2022Q3,rev_musd_lag4,270.488,2021-11-04,"SEC, 2021Q3 print"
2022Q3,rev_yoy_lag4,0.7487506061095845,2021-11-04,"SEC 8-K/10-Q, 2021Q3 print"
2022Q3,rev_yoy_lag2,0.828415151927232,2022-05-05,"SEC 8-K/10-Q, 2022Q1 print"
2022Q3,ctrl_abs_d30,0.28881296579069904,2022-07-31,npm (causal-imputed)
2022Q3,dd_abs_d30,0.8571169198423867,2022-07-31,npm (causal-imputed)
2022Q3,dd_rel_d30,0.5683039540516877,2022-07-31,npm (causal-imputed)
2022Q3,dd_rel_wide_d30,0.25381577522917453,2022-07-31,npm (causal-imputed)
2022Q3,plc_abs_d30,0.4693435852947907,2022-07-31,npm (causal-imputed)
2022Q3,plc_rel_d30,0.18053061950409166,2022-07-31,npm (causal-imputed)
2022Q3,guide_high_musd,414.0,2022-08-04,8-K EX-99.1 0001561550-22-000033 (UNVERIFIED)
2022Q3,guide_low_musd,410.0,2022-08-04,8-K EX-99.1 0001561550-22-000033 (UNVERIFIED)
2022Q3,guide_mid_musd,412.0,2022-08-04,8-K EX-99.1 0001561550-22-000033 (UNVERIFIED)
2022Q3,rev_yoy_lag1,0.7389841104008152,2022-08-04,"SEC 8-K/10-Q, 2022Q2 print"
2022Q3,ctrl_abs_d45,0.2967610873701858,2022-08-15,npm (causal-imputed)
2022Q3,dd_abs_d45,0.8005321702750656,2022-08-15,npm (causal-imputed)
2022Q3,dd_rel_d45,0.5037710829048798,2022-08-15,npm (causal-imputed)
2022Q3,dd_rel_wide_d45,0.19665250825084968,2022-08-15,npm (causal-imputed)
2022Q3,plc_abs_d45,0.4835547916246412,2022-08-15,npm (causal-imputed)
2022Q3,plc_rel_d45,0.1867937042544554,2022-08-15,npm (causal-imputed)
2022Q3,ctrl_abs_d60,0.30688793222866195,2022-08-30,npm (causal-imputed)
2022Q3,dd_abs_d60,0.7931432375990219,2022-08-30,npm (causal-imputed)
2022Q3,dd_rel_d60,0.48625530537036,2022-08-30,npm (causal-imputed)
2022Q3,dd_rel_wide_d60,0.17072312651664134,2022-08-30,npm (causal-imputed)
2022Q3,plc_abs_d60,0.5053021271653328,2022-08-30,npm (causal-imputed)
2022Q3,plc_rel_d60,0.1984141949366709,2022-08-30,npm (causal-imputed)
2022Q3,ctrl_abs_full,0.2833879491849096,2022-10-01,npm (causal-imputed)
2022Q3,dd_abs_full,0.7424459046158383,2022-10-01,npm (causal-imputed)
2022Q3,dd_rel_full,0.45905795543092864,2022-10-01,npm (causal-imputed)
2022Q3,dd_rel_wide_full,0.15316021079018682,2022-10-01,npm (causal-imputed)
2022Q3,plc_abs_full,0.4982949034274675,2022-10-01,npm (causal-imputed)
2022Q3,plc_rel_full,0.2149069542425579,2022-10-01,npm (causal-imputed)
2022Q3,googl_reported,1.0,2022-10-25,GOOGL 8-K 0001652044-22-000085
2022Q3,msft_reported,1.0,2022-10-25,MSFT 8-K 0001193125-22-268356
2022Q3,amzn_reported,1.0,2022-10-27,AMZN 8-K 0001018724-22-000021
2022Q4,rev_musd_lag4,326.198,2022-02-10,"SEC, 2021Q4 print"
2022Q4,rev_yoy_lag4,0.8374143107400962,2022-02-10,"SEC 8-K/10-Q, 2021Q4 print"
2022Q4,rev_yoy_lag2,0.7389841104008152,2022-08-04,"SEC 8-K/10-Q, 2022Q2 print"
2022Q4,ctrl_abs_d30,0.22843331888054053,2022-10-31,npm (causal-imputed)
2022Q4,dd_abs_d30,0.48847448013032846,2022-10-31,npm (causal-imputed)
2022Q4,dd_rel_d30,0.26004116124978793,2022-10-31,npm (causal-imputed)
2022Q4,dd_rel_wide_d30,-0.007203880697748133,2022-10-31,npm (causal-imputed)
2022Q4,plc_abs_d30,0.4415275512251178,2022-10-31,npm (causal-imputed)
2022Q4,plc_rel_d30,0.21309423234457725,2022-10-31,npm (causal-imputed)
2022Q4,guide_high_musd,449.0,2022-11-03,8-K EX-99.1 0001561550-22-000043 (UNVERIFIED)
2022Q4,guide_low_musd,445.0,2022-11-03,8-K EX-99.1 0001561550-22-000043 (UNVERIFIED)
2022Q4,guide_mid_musd,447.0,2022-11-03,8-K EX-99.1 0001561550-22-000043 (UNVERIFIED)
2022Q4,rev_yoy_lag1,0.6138719647452013,2022-11-03,"SEC 8-K/10-Q, 2022Q3 print"
2022Q4,ctrl_abs_d45,0.29201695796386673,2022-11-15,npm (causal-imputed)
2022Q4,dd_abs_d45,0.5098590650291435,2022-11-15,npm (causal-imputed)
2022Q4,dd_rel_d45,0.21784210706527674,2022-11-15,npm (causal-imputed)
2022Q4,dd_rel_wide_d45,-0.041003872033382294,2022-11-15,npm (causal-imputed)
2022Q4,plc_abs_d45,0.4778819717410663,2022-11-15,npm (causal-imputed)
2022Q4,plc_rel_d45,0.18586501377719955,2022-11-15,npm (causal-imputed)
2022Q4,ctrl_abs_d60,0.2671312211598167,2022-11-30,npm (causal-imputed)
2022Q4,dd_abs_d60,0.5030220281424853,2022-11-30,npm (causal-imputed)
2022Q4,dd_rel_d60,0.23589080698266862,2022-11-30,npm (causal-imputed)
2022Q4,dd_rel_wide_d60,-0.04643617350788887,2022-11-30,npm (causal-imputed)
2022Q4,plc_abs_d60,0.4856715744319793,2022-11-30,npm (causal-imputed)
2022Q4,plc_rel_d60,0.2185403532721626,2022-11-30,npm (causal-imputed)
2022Q4,ctrl_abs_full,0.23611400642111136,2023-01-01,npm (causal-imputed)
2022Q4,dd_abs_full,0.46625119767312384,2023-01-01,npm (causal-imputed)
2022Q4,dd_rel_full,0.23013719125201249,2023-01-01,npm (causal-imputed)
2022Q4,dd_rel_wide_full,-0.05963247947486394,2023-01-01,npm (causal-imputed)
2022Q4,plc_abs_full,0.44226989660334937,2023-01-01,npm (causal-imputed)
2022Q4,plc_rel_full,0.206155890182238,2023-01-01,npm (causal-imputed)
2022Q4,msft_reported,1.0,2023-01-24,MSFT 8-K 0001193125-23-014230
2022Q4,amzn_reported,1.0,2023-02-02,AMZN 8-K 0001018724-23-000002
2022Q4,googl_reported,1.0,2023-02-02,GOOGL 8-K 0001652044-23-000013
2023Q1,rev_musd_lag4,363.03,2022-05-05,"SEC, 2022Q1 print"
2023Q1,rev_yoy_lag4,0.828415151927232,2022-05-05,"SEC 8-K/10-Q, 2022Q1 print"
2023Q1,rev_yoy_lag2,0.6138719647452013,2022-11-03,"SEC 8-K/10-Q, 2022Q3 print"
2023Q1,ctrl_abs_d30,0.13666396932837444,2023-01-31,npm (causal-imputed)
2023Q1,dd_abs_d30,0.4279323156585413,2023-01-31,npm (causal-imputed)
2023Q1,dd_rel_d30,0.29126834633016685,2023-01-31,npm (causal-imputed)
2023Q1,dd_rel_wide_d30,-0.04718835030894297,2023-01-31,npm (causal-imputed)
2023Q1,plc_abs_d30,0.3308537541925034,2023-01-31,npm (causal-imputed)
2023Q1,plc_rel_d30,0.19418978486412897,2023-01-31,npm (causal-imputed)
2023Q1,ctrl_abs_d45,0.11348172864493122,2023-02-15,npm (causal-imputed)
2023Q1,dd_abs_d45,0.41790652234227466,2023-02-15,npm (causal-imputed)
2023Q1,dd_rel_d45,0.30442479369734343,2023-02-15,npm (causal-imputed)
2023Q1,dd_rel_wide_d45,-0.05229931784600694,2023-02-15,npm (causal-imputed)
2023Q1,plc_abs_d45,0.3238787035959696,2023-02-15,npm (causal-imputed)
2023Q1,plc_rel_d45,0.21039697495103837,2023-02-15,npm (causal-imputed)
2023Q1,guide_high_musd,470.0,2023-02-16,8-K EX-99.1 0001561550-23-000003 (UNVERIFIED)
2023Q1,guide_low_musd,466.0,2023-02-16,8-K EX-99.1 0001561550-23-000003 (UNVERIFIED)
2023Q1,guide_mid_musd,468.0,2023-02-16,8-K EX-99.1 0001561550-23-000003 (UNVERIFIED)
2023Q1,rev_yoy_lag1,0.4390002391185721,2023-02-16,"SEC 8-K/10-Q, 2022Q4 print"
2023Q1,ctrl_abs_d60,0.10718082198614631,2023-03-02,npm (causal-imputed)
2023Q1,dd_abs_d60,0.4172490170260019,2023-03-02,npm (causal-imputed)
2023Q1,dd_rel_d60,0.3100681950398556,2023-03-02,npm (causal-imputed)
2023Q1,dd_rel_wide_d60,-0.0441925729430217,2023-03-02,npm (causal-imputed)
2023Q1,plc_abs_d60,0.31903156006241673,2023-03-02,npm (causal-imputed)
2023Q1,plc_rel_d60,0.21185073807627042,2023-03-02,npm (causal-imputed)
2023Q1,ctrl_abs_full,0.11033963572813477,2023-04-01,npm (causal-imputed)
2023Q1,dd_abs_full,0.4177219782631809,2023-04-01,npm (causal-imputed)
2023Q1,dd_rel_full,0.30738234253504615,2023-04-01,npm (causal-imputed)
2023Q1,dd_rel_wide_full,-0.0354101276148171,2023-04-01,npm (causal-imputed)
2023Q1,plc_abs_full,0.31347551462327417,2023-04-01,npm (causal-imputed)
2023Q1,plc_rel_full,0.2031358788951394,2023-04-01,npm (causal-imputed)
2023Q1,googl_reported,1.0,2023-04-20,GOOGL 8-K 0001652044-23-000034
2023Q1,msft_reported,1.0,2023-04-25,MSFT 8-K 0001193125-23-115280
2023Q1,amzn_reported,1.0,2023-04-27,AMZN 8-K 0001018724-23-000006
2023Q2,rev_musd_lag4,406.138,2022-08-04,"SEC, 2022Q2 print"
2023Q2,rev_yoy_lag4,0.7389841104008152,2022-08-04,"SEC 8-K/10-Q, 2022Q2 print"
2023Q2,rev_yoy_lag2,0.4390002391185721,2023-02-16,"SEC 8-K/10-Q, 2022Q4 print"
2023Q2,ctrl_abs_d30,0.07621360954175138,2023-05-01,npm (causal-imputed)
2023Q2,dd_abs_d30,0.3156035541198854,2023-05-01,npm (causal-imputed)
2023Q2,dd_rel_d30,0.239389944578134,2023-05-01,npm (causal-imputed)
2023Q2,dd_rel_wide_d30,0.09431214384006026,2023-05-01,npm (causal-imputed)
2023Q2,plc_abs_d30,0.3100189654194132,2023-05-01,npm (causal-imputed)
2023Q2,plc_rel_d30,0.23380535587766182,2023-05-01,npm (causal-imputed)
2023Q2,guide_high_musd,502.0,2023-05-04,8-K EX-99.1 0001561550-23-000020 (UNVERIFIED)
2023Q2,guide_low_musd,498.0,2023-05-04,8-K EX-99.1 0001561550-23-000020 (UNVERIFIED)
2023Q2,guide_mid_musd,500.0,2023-05-04,8-K EX-99.1 0001561550-23-000020 (UNVERIFIED)
2023Q2,rev_yoy_lag1,0.3269261493540478,2023-05-04,"SEC 8-K/10-Q, 2023Q1 print"
2023Q2,ctrl_abs_d45,0.11544364369136417,2023-05-16,npm (causal-imputed)
2023Q2,dd_abs_d45,0.37071202767871725,2023-05-16,npm (causal-imputed)
2023Q2,dd_rel_d45,0.2552683839873531,2023-05-16,npm (causal-imputed)
2023Q2,dd_rel_wide_d45,0.0981310221593894,2023-05-16,npm (causal-imputed)
2023Q2,plc_abs_d45,0.3418994633868131,2023-05-16,npm (causal-imputed)
2023Q2,plc_rel_d45,0.22645581969544892,2023-05-16,npm (causal-imputed)
2023Q2,ctrl_abs_d60,0.11153790324567225,2023-05-31,npm (causal-imputed)
2023Q2,dd_abs_d60,0.368290091534913,2023-05-31,npm (causal-imputed)
2023Q2,dd_rel_d60,0.25675218828924073,2023-05-31,npm (causal-imputed)
2023Q2,dd_rel_wide_d60,0.10109500494446522,2023-05-31,npm (causal-imputed)
2023Q2,plc_abs_d60,0.3273973288626024,2023-05-31,npm (causal-imputed)
2023Q2,plc_rel_d60,0.21585942561693017,2023-05-31,npm (causal-imputed)
2023Q2,ctrl_abs_full,0.09049630268970432,2023-07-01,npm (causal-imputed)
2023Q2,dd_abs_full,0.37720779148777694,2023-07-01,npm (causal-imputed)
2023Q2,dd_rel_full,0.2867114887980726,2023-07-01,npm (causal-imputed)
2023Q2,dd_rel_wide_full,0.10767115728113907,2023-07-01,npm (causal-imputed)
2023Q2,plc_abs_full,0.3170389489507812,2023-07-01,npm (causal-imputed)
2023Q2,plc_rel_full,0.2265426462610769,2023-07-01,npm (causal-imputed)
2023Q2,googl_reported,1.0,2023-07-25,GOOGL 8-K 0001652044-23-000067
2023Q2,msft_reported,1.0,2023-07-25,MSFT 8-K 0000950170-23-034400
2023Q2,amzn_reported,1.0,2023-08-03,AMZN 8-K 0001018724-23-000010
2023Q3,rev_musd_lag4,436.533,2022-11-03,"SEC, 2022Q3 print"
2023Q3,rev_yoy_lag4,0.6138719647452013,2022-11-03,"SEC 8-K/10-Q, 2022Q3 print"
2023Q3,rev_yoy_lag2,0.3269261493540478,2023-05-04,"SEC 8-K/10-Q, 2023Q1 print"
2023Q3,ctrl_abs_d30,0.1005852406047083,2023-07-31,npm (causal-imputed)
2023Q3,dd_abs_d30,0.35948441310360835,2023-07-31,npm (causal-imputed)
2023Q3,dd_rel_d30,0.25889917249890004,2023-07-31,npm (causal-imputed)
2023Q3,dd_rel_wide_d30,0.06228860807613046,2023-07-31,npm (causal-imputed)
2023Q3,plc_abs_d30,0.27014419901578535,2023-07-31,npm (causal-imputed)
2023Q3,plc_rel_d30,0.16955895841107704,2023-07-31,npm (causal-imputed)
2023Q3,guide_high_musd,525.0,2023-08-08,8-K EX-99.1 0001561550-23-000035 (UNVERIFIED)
2023Q3,guide_low_musd,521.0,2023-08-08,8-K EX-99.1 0001561550-23-000035 (UNVERIFIED)
2023Q3,guide_mid_musd,523.0,2023-08-08,8-K EX-99.1 0001561550-23-000035 (UNVERIFIED)
2023Q3,rev_yoy_lag1,0.2544012133806737,2023-08-08,"SEC 8-K/10-Q, 2023Q2 print"
2023Q3,ctrl_abs_d45,0.14524353177889715,2023-08-15,npm (causal-imputed)
2023Q3,dd_abs_d45,0.37170421156412914,2023-08-15,npm (causal-imputed)
2023Q3,dd_rel_d45,0.226460679785232,2023-08-15,npm (causal-imputed)
2023Q3,dd_rel_wide_d45,0.02897241664731709,2023-08-15,npm (causal-imputed)
2023Q3,plc_abs_d45,0.2887829169262659,2023-08-15,npm (causal-imputed)
2023Q3,plc_rel_d45,0.14353938514736875,2023-08-15,npm (causal-imputed)
2023Q3,ctrl_abs_d60,0.14421766686797888,2023-08-30,npm (causal-imputed)
2023Q3,dd_abs_d60,0.3437621106008635,2023-08-30,npm (causal-imputed)
2023Q3,dd_rel_d60,0.1995444437328846,2023-08-30,npm (causal-imputed)
2023Q3,dd_rel_wide_d60,0.0015621244024508485,2023-08-30,npm (causal-imputed)
2023Q3,plc_abs_d60,0.2854029947811867,2023-08-30,npm (causal-imputed)
2023Q3,plc_rel_d60,0.14118532791320781,2023-08-30,npm (causal-imputed)
2023Q3,ctrl_abs_full,0.14726931159179557,2023-10-01,npm (causal-imputed)
2023Q3,dd_abs_full,0.2938239111361014,2023-10-01,npm (causal-imputed)
2023Q3,dd_rel_full,0.14655459954430583,2023-10-01,npm (causal-imputed)
2023Q3,dd_rel_wide_full,-0.05830600671129815,2023-10-01,npm (causal-imputed)
2023Q3,plc_abs_full,0.26854466435774427,2023-10-01,npm (causal-imputed)
2023Q3,plc_rel_full,0.1212753527659487,2023-10-01,npm (causal-imputed)
2023Q3,googl_reported,1.0,2023-10-24,GOOGL 8-K 0001652044-23-000088
2023Q3,msft_reported,1.0,2023-10-24,MSFT 8-K 0000950170-23-054848
2023Q3,amzn_reported,1.0,2023-10-26,AMZN 8-K 0001018724-23-000016
2023Q4,rev_musd_lag4,469.399,2023-02-16,"SEC, 2022Q4 print"
2023Q4,rev_yoy_lag4,0.4390002391185721,2023-02-16,"SEC 8-K/10-Q, 2022Q4 print"
2023Q4,rev_yoy_lag2,0.2544012133806737,2023-08-08,"SEC 8-K/10-Q, 2023Q2 print"
2023Q4,ctrl_abs_d30,0.1574723992632805,2023-10-31,npm (causal-imputed)
2023Q4,dd_abs_d30,0.29890074190772964,2023-10-31,npm (causal-imputed)
2023Q4,dd_rel_d30,0.14142834264444915,2023-10-31,npm (causal-imputed)
2023Q4,dd_rel_wide_d30,-0.1389086583599628,2023-10-31,npm (causal-imputed)
2023Q4,plc_abs_d30,0.28288219661420655,2023-10-31,npm (causal-imputed)
2023Q4,plc_rel_d30,0.12540979735092606,2023-10-31,npm (causal-imputed)
2023Q4,guide_high_musd,568.0,2023-11-07,8-K EX-99.1 0001561550-23-000053 (UNVERIFIED)
2023Q4,guide_low_musd,564.0,2023-11-07,8-K EX-99.1 0001561550-23-000053 (UNVERIFIED)
2023Q4,guide_mid_musd,566.0,2023-11-07,8-K EX-99.1 0001561550-23-000053 (UNVERIFIED)
2023Q4,rev_yoy_lag1,0.2542831813402424,2023-11-07,"SEC 8-K/10-Q, 2023Q3 print"
2023Q4,ctrl_abs_d45,0.09137114192467166,2023-11-15,npm (causal-imputed)
2023Q4,dd_abs_d45,0.25438703329001555,2023-11-15,npm (causal-imputed)
2023Q4,dd_rel_d45,0.1630158913653439,2023-11-15,npm (causal-imputed)
2023Q4,dd_rel_wide_d45,-0.14254083638893889,2023-11-15,npm (causal-imputed)
2023Q4,plc_abs_d45,0.24672284424345747,2023-11-15,npm (causal-imputed)
2023Q4,plc_rel_d45,0.1553517023187858,2023-11-15,npm (causal-imputed)
2023Q4,ctrl_abs_d60,0.09501820231611902,2023-11-30,npm (causal-imputed)
2023Q4,dd_abs_d60,0.2324951310248906,2023-11-30,npm (causal-imputed)
2023Q4,dd_rel_d60,0.1374769287087716,2023-11-30,npm (causal-imputed)
2023Q4,dd_rel_wide_d60,-0.16242951431801345,2023-11-30,npm (causal-imputed)
2023Q4,plc_abs_d60,0.23603414920565768,2023-11-30,npm (causal-imputed)
2023Q4,plc_rel_d60,0.14101594688953867,2023-11-30,npm (causal-imputed)
2023Q4,ctrl_abs_full,0.09138459159155943,2024-01-01,npm (causal-imputed)
2023Q4,dd_abs_full,0.21830125802886613,2024-01-01,npm (causal-imputed)
2023Q4,dd_rel_full,0.1269166664373067,2024-01-01,npm (causal-imputed)
2023Q4,dd_rel_wide_full,-0.1798056110711066,2024-01-01,npm (causal-imputed)
2023Q4,plc_abs_full,0.21365650650567503,2024-01-01,npm (causal-imputed)
2023Q4,plc_rel_full,0.1222719149141156,2024-01-01,npm (causal-imputed)
2023Q4,googl_reported,1.0,2024-01-30,GOOGL 8-K 0001652044-24-000014
2023Q4,msft_reported,1.0,2024-01-30,MSFT 8-K 0000950170-24-008809
2023Q4,amzn_reported,1.0,2024-02-01,AMZN 8-K 0001018724-24-000006
2024Q1,rev_musd_lag4,481.714,2023-05-04,"SEC, 2023Q1 print"
2024Q1,rev_yoy_lag4,0.3269261493540478,2023-05-04,"SEC 8-K/10-Q, 2023Q1 print"
2024Q1,rev_yoy_lag2,0.2542831813402424,2023-11-07,"SEC 8-K/10-Q, 2023Q3 print"
2024Q1,ctrl_abs_d30,0.15777502671750554,2024-01-31,npm (causal-imputed)
2024Q1,dd_abs_d30,0.266837408226543,2024-01-31,npm (causal-imputed)
2024Q1,dd_rel_d30,0.10906238150903746,2024-01-31,npm (causal-imputed)
2024Q1,dd_rel_wide_d30,-0.2177317139772832,2024-01-31,npm (causal-imputed)
2024Q1,plc_abs_d30,0.21351691489616442,2024-01-31,npm (causal-imputed)
2024Q1,plc_rel_d30,0.05574188817865888,2024-01-31,npm (causal-imputed)
2024Q1,guide_high_musd,591.0,2024-02-13,8-K EX-99.1 0001561550-24-000004 (UNVERIFIED)
2024Q1,guide_low_musd,587.0,2024-02-13,8-K EX-99.1 0001561550-24-000004 (UNVERIFIED)
2024Q1,guide_mid_musd,589.0,2024-02-13,8-K EX-99.1 0001561550-24-000004 (UNVERIFIED)
2024Q1,rev_yoy_lag1,0.2561786454594066,2024-02-13,"SEC 8-K/10-Q, 2023Q4 print"
2024Q1,ctrl_abs_d45,0.1383574214395047,2024-02-15,npm (causal-imputed)
2024Q1,dd_abs_d45,0.22283697935192848,2024-02-15,npm (causal-imputed)
2024Q1,dd_rel_d45,0.08447955791242379,2024-02-15,npm (causal-imputed)
2024Q1,dd_rel_wide_d45,-0.22891445944639344,2024-02-15,npm (causal-imputed)
2024Q1,plc_abs_d45,0.18278075471673105,2024-02-15,npm (causal-imputed)
2024Q1,plc_rel_d45,0.04442333327722636,2024-02-15,npm (causal-imputed)
2024Q1,ctrl_abs_d60,0.14291841405318273,2024-03-01,npm (causal-imputed)
2024Q1,dd_abs_d60,0.22088591894558718,2024-03-01,npm (causal-imputed)
2024Q1,dd_rel_d60,0.07796750489240445,2024-03-01,npm (causal-imputed)
2024Q1,dd_rel_wide_d60,-0.23064532938303017,2024-03-01,npm (causal-imputed)
2024Q1,plc_abs_d60,0.17685728131312928,2024-03-01,npm (causal-imputed)
2024Q1,plc_rel_d60,0.03393886725994655,2024-03-01,npm (causal-imputed)
2024Q1,ctrl_abs_full,0.12672269986566675,2024-04-01,npm (causal-imputed)
2024Q1,dd_abs_full,0.15855576074461908,2024-04-01,npm (causal-imputed)
2024Q1,dd_rel_full,0.031833060878952324,2024-04-01,npm (causal-imputed)
2024Q1,dd_rel_wide_full,-0.2695055115977709,2024-04-01,npm (causal-imputed)
2024Q1,plc_abs_full,0.15951126685453687,2024-04-01,npm (causal-imputed)
2024Q1,plc_rel_full,0.032788566988870116,2024-04-01,npm (causal-imputed)
2024Q1,googl_reported,1.0,2024-04-25,GOOGL 8-K 0001652044-24-000047
2024Q1,msft_reported,1.0,2024-04-25,MSFT 8-K 0000950170-24-048268
2024Q1,amzn_reported,1.0,2024-04-30,AMZN 8-K 0001018724-24-000081
2024Q2,rev_musd_lag4,509.46,2023-08-08,"SEC, 2023Q2 print"
2024Q2,rev_yoy_lag4,0.2544012133806737,2023-08-08,"SEC 8-K/10-Q, 2023Q2 print"
2024Q2,rev_yoy_lag2,0.2561786454594066,2024-02-13,"SEC 8-K/10-Q, 2023Q4 print"
2024Q2,ctrl_abs_d30,0.2702340612937437,2024-05-01,npm (causal-imputed)
2024Q2,dd_abs_d30,0.21932119611969014,2024-05-01,npm (causal-imputed)
2024Q2,dd_rel_d30,-0.05091286517405358,2024-05-01,npm (causal-imputed)
2024Q2,dd_rel_wide_d30,-0.2900775636269053,2024-05-01,npm (causal-imputed)
2024Q2,plc_abs_d30,0.23119847823602768,2024-05-01,npm (causal-imputed)
2024Q2,plc_rel_d30,-0.03903558305771604,2024-05-01,npm (causal-imputed)
2024Q2,guide_high_musd,624.0,2024-05-07,8-K EX-99.1 0001561550-24-000048 (UNVERIFIED)
2024Q2,guide_low_musd,620.0,2024-05-07,8-K EX-99.1 0001561550-24-000048 (UNVERIFIED)
2024Q2,guide_mid_musd,622.0,2024-05-07,8-K EX-99.1 0001561550-24-000048 (UNVERIFIED)
2024Q2,rev_yoy_lag1,0.2689126743254295,2024-05-07,"SEC 8-K/10-Q, 2024Q1 print"
2024Q2,ctrl_abs_d45,0.23411984448613055,2024-05-16,npm (causal-imputed)
2024Q2,dd_abs_d45,0.18770562570226446,2024-05-16,npm (causal-imputed)
2024Q2,dd_rel_d45,-0.04641421878386609,2024-05-16,npm (causal-imputed)
2024Q2,dd_rel_wide_d45,-0.29359968730338437,2024-05-16,npm (causal-imputed)
2024Q2,plc_abs_d45,0.19932240479894858,2024-05-16,npm (causal-imputed)
2024Q2,plc_rel_d45,-0.034797439687181964,2024-05-16,npm (causal-imputed)
2024Q2,ctrl_abs_d60,0.23539421025844298,2024-05-31,npm (causal-imputed)
2024Q2,dd_abs_d60,0.18364121835237057,2024-05-31,npm (causal-imputed)
2024Q2,dd_rel_d60,-0.05175299190607241,2024-05-31,npm (causal-imputed)
2024Q2,dd_rel_wide_d60,-0.29366363193638634,2024-05-31,npm (causal-imputed)
2024Q2,plc_abs_d60,0.19343041238554548,2024-05-31,npm (causal-imputed)
2024Q2,plc_rel_d60,-0.0419637978728975,2024-05-31,npm (causal-imputed)
2024Q2,ctrl_abs_full,0.22119324267366736,2024-07-01,npm (causal-imputed)
2024Q2,dd_abs_full,0.1460179919395692,2024-07-01,npm (causal-imputed)
2024Q2,dd_rel_full,-0.07517525073409814,2024-07-01,npm (causal-imputed)
2024Q2,dd_rel_wide_full,-0.30549029748683054,2024-07-01,npm (causal-imputed)
2024Q2,plc_abs_full,0.1607854363303609,2024-07-01,npm (causal-imputed)
2024Q2,plc_rel_full,-0.06040780634330645,2024-07-01,npm (causal-imputed)
2024Q2,googl_reported,1.0,2024-07-23,GOOGL 8-K 0001652044-24-000076
2024Q2,msft_reported,1.0,2024-07-30,MSFT 8-K 0000950170-24-087835
2024Q2,amzn_reported,1.0,2024-08-01,AMZN 8-K 0001018724-24-000128
2024Q3,rev_musd_lag4,547.536,2023-11-07,"SEC, 2023Q3 print"
2024Q3,rev_yoy_lag4,0.2542831813402424,2023-11-07,"SEC 8-K/10-Q, 2023Q3 print"
2024Q3,rev_yoy_lag2,0.2689126743254295,2024-05-07,"SEC 8-K/10-Q, 2024Q1 print"
2024Q3,ctrl_abs_d30,0.13062195667838772,2024-07-31,npm (causal-imputed)
2024Q3,dd_abs_d30,0.21439283282649413,2024-07-31,npm (causal-imputed)
2024Q3,dd_rel_d30,0.08377087614810641,2024-07-31,npm (causal-imputed)
2024Q3,dd_rel_wide_d30,-0.2528640398363642,2024-07-31,npm (causal-imputed)
2024Q3,plc_abs_d30,0.21247172774329215,2024-07-31,npm (causal-imputed)
2024Q3,plc_rel_d30,0.08184977106490443,2024-07-31,npm (causal-imputed)
2024Q3,guide_high_musd,664.0,2024-08-08,8-K EX-99.1 0001561550-24-000109 (UNVERIFIED)
2024Q3,guide_low_musd,660.0,2024-08-08,8-K EX-99.1 0001561550-24-000109 (UNVERIFIED)
2024Q3,guide_mid_musd,662.0,2024-08-08,8-K EX-99.1 0001561550-24-000109 (UNVERIFIED)
2024Q3,rev_yoy_lag1,0.2665940407490283,2024-08-08,"SEC 8-K/10-Q, 2024Q2 print"
2024Q3,ctrl_abs_d45,0.09727463929631419,2024-08-15,npm (causal-imputed)
2024Q3,dd_abs_d45,0.20372003134249184,2024-08-15,npm (causal-imputed)
2024Q3,dd_rel_d45,0.10644539204617764,2024-08-15,npm (causal-imputed)
2024Q3,dd_rel_wide_d45,-0.24792255685909126,2024-08-15,npm (causal-imputed)
2024Q3,plc_abs_d45,0.18615326220647788,2024-08-15,npm (causal-imputed)
2024Q3,plc_rel_d45,0.08887862291016368,2024-08-15,npm (causal-imputed)
2024Q3,ctrl_abs_d60,0.0909484588372429,2024-08-30,npm (causal-imputed)
2024Q3,dd_abs_d60,0.19736427098330012,2024-08-30,npm (causal-imputed)
2024Q3,dd_rel_d60,0.10641581214605722,2024-08-30,npm (causal-imputed)
2024Q3,dd_rel_wide_d60,-0.24733122743346314,2024-08-30,npm (causal-imputed)
2024Q3,plc_abs_d60,0.1646251873885518,2024-08-30,npm (causal-imputed)
2024Q3,plc_rel_d60,0.07367672855130891,2024-08-30,npm (causal-imputed)
2024Q3,ctrl_abs_full,0.057520484317560516,2024-10-01,npm (causal-imputed)
2024Q3,dd_abs_full,0.17951556744079156,2024-10-01,npm (causal-imputed)
2024Q3,dd_rel_full,0.12199508312323104,2024-10-01,npm (causal-imputed)
2024Q3,dd_rel_wide_full,-0.2501411883907778,2024-10-01,npm (causal-imputed)
2024Q3,plc_abs_full,0.1456163184475301,2024-10-01,npm (causal-imputed)
2024Q3,plc_rel_full,0.08809583412996957,2024-10-01,npm (causal-imputed)
2024Q3,googl_reported,1.0,2024-10-29,GOOGL 8-K 0001652044-24-000115
2024Q3,msft_reported,1.0,2024-10-30,MSFT 8-K 0000950170-24-118955
2024Q3,amzn_reported,1.0,2024-10-31,AMZN 8-K 0001018724-24-000158
2024Q4,rev_musd_lag4,589.649,2024-02-13,"SEC, 2023Q4 print"
2024Q4,rev_yoy_lag4,0.2561786454594066,2024-02-13,"SEC 8-K/10-Q, 2023Q4 print"
2024Q4,rev_yoy_lag2,0.2665940407490283,2024-08-08,"SEC 8-K/10-Q, 2024Q2 print"
2024Q4,ctrl_abs_d30,0.1400131065942336,2024-10-31,npm (causal-imputed)
2024Q4,dd_abs_d30,0.40401996580662214,2024-10-31,npm (causal-imputed)
2024Q4,dd_rel_d30,0.26400685921238853,2024-10-31,npm (causal-imputed)
2024Q4,dd_rel_wide_d30,-0.12855167436077153,2024-10-31,npm (causal-imputed)
2024Q4,plc_abs_d30,0.17687029881518157,2024-10-31,npm (causal-imputed)
2024Q4,plc_rel_d30,0.036857192220947965,2024-10-31,npm (causal-imputed)
2024Q4,guide_high_musd,713.0,2024-11-07,8-K EX-99.1 0001561550-24-000171 (UNVERIFIED)
2024Q4,guide_low_musd,709.0,2024-11-07,8-K EX-99.1 0001561550-24-000171 (UNVERIFIED)
2024Q4,guide_mid_musd,711.0,2024-11-07,8-K EX-99.1 0001561550-24-000171 (UNVERIFIED)
2024Q4,rev_yoy_lag1,0.2602203325443442,2024-11-07,"SEC 8-K/10-Q, 2024Q3 print"
2024Q4,ctrl_abs_d45,0.14601701706771486,2024-11-15,npm (causal-imputed)
2024Q4,dd_abs_d45,0.4153523000680259,2024-11-15,npm (causal-imputed)
2024Q4,dd_rel_d45,0.26933528300031107,2024-11-15,npm (causal-imputed)
2024Q4,dd_rel_wide_d45,-0.10981017797388759,2024-11-15,npm (causal-imputed)
2024Q4,plc_abs_d45,0.17755989652292214,2024-11-15,npm (causal-imputed)
2024Q4,plc_rel_d45,0.031542879455207284,2024-11-15,npm (causal-imputed)
2024Q4,ctrl_abs_d60,0.14544850052928737,2024-11-30,npm (causal-imputed)
2024Q4,dd_abs_d60,0.4303505485237018,2024-11-30,npm (causal-imputed)
2024Q4,dd_rel_d60,0.28490204799441443,2024-11-30,npm (causal-imputed)
2024Q4,dd_rel_wide_d60,-0.09080573968909533,2024-11-30,npm (causal-imputed)
2024Q4,plc_abs_d60,0.18458886433256794,2024-11-30,npm (causal-imputed)
2024Q4,plc_rel_d60,0.039140363803280565,2024-11-30,npm (causal-imputed)
2024Q4,ctrl_abs_full,0.12913744356863788,2025-01-01,npm (causal-imputed)
2024Q4,dd_abs_full,0.4223710478733942,2025-01-01,npm (causal-imputed)
2024Q4,dd_rel_full,0.2932336043047563,2025-01-01,npm (causal-imputed)
2024Q4,dd_rel_wide_full,-0.07827626042232083,2025-01-01,npm (causal-imputed)
2024Q4,plc_abs_full,0.14162354366914087,2025-01-01,npm (causal-imputed)
2024Q4,plc_rel_full,0.012486100100502995,2025-01-01,npm (causal-imputed)
2024Q4,msft_reported,1.0,2025-01-29,MSFT 8-K 0000950170-25-010484
2024Q4,googl_reported,1.0,2025-02-04,GOOGL 8-K 0001652044-25-000010
2024Q4,amzn_reported,1.0,2025-02-06,AMZN 8-K 0001018724-25-000002
2025Q1,rev_musd_lag4,611.253,2024-05-07,"SEC, 2024Q1 print"
2025Q1,rev_yoy_lag4,0.2689126743254295,2024-05-07,"SEC 8-K/10-Q, 2024Q1 print"
2025Q1,rev_yoy_lag2,0.2602203325443442,2024-11-07,"SEC 8-K/10-Q, 2024Q3 print"
2025Q1,ctrl_abs_d30,0.025219885127661712,2025-01-31,npm (causal-imputed)
2025Q1,dd_abs_d30,0.38303395587614375,2025-01-31,npm (causal-imputed)
2025Q1,dd_rel_d30,0.35781407074848204,2025-01-31,npm (causal-imputed)
2025Q1,dd_rel_wide_d30,-0.07759553324035195,2025-01-31,npm (causal-imputed)
2025Q1,plc_abs_d30,0.03429520520158391,2025-01-31,npm (causal-imputed)
2025Q1,plc_rel_d30,0.0090753200739222,2025-01-31,npm (causal-imputed)
2025Q1,guide_high_musd,741.0,2025-02-13,8-K EX-99.1 0001561550-25-000017 (UNVERIFIED)
2025Q1,guide_low_musd,737.0,2025-02-13,8-K EX-99.1 0001561550-25-000017 (UNVERIFIED)
2025Q1,guide_mid_musd,739.0,2025-02-13,8-K EX-99.1 0001561550-25-000017 (UNVERIFIED)
2025Q1,rev_yoy_lag1,0.2511290615264334,2025-02-13,"SEC 8-K/10-Q, 2024Q4 print"
2025Q1,ctrl_abs_d45,0.044434383555957524,2025-02-15,npm (causal-imputed)
2025Q1,dd_abs_d45,0.39856119320124606,2025-02-15,npm (causal-imputed)
2025Q1,dd_rel_d45,0.35412680964528853,2025-02-15,npm (causal-imputed)
2025Q1,dd_rel_wide_d45,-0.08108041075300321,2025-02-15,npm (causal-imputed)
2025Q1,plc_abs_d45,0.05429093284215014,2025-02-15,npm (causal-imputed)
2025Q1,plc_rel_d45,0.009856549286192617,2025-02-15,npm (causal-imputed)
2025Q1,ctrl_abs_d60,0.025098411848372137,2025-03-02,npm (causal-imputed)
2025Q1,dd_abs_d60,0.37801608475843906,2025-03-02,npm (causal-imputed)
2025Q1,dd_rel_d60,0.3529176729100669,2025-03-02,npm (causal-imputed)
2025Q1,dd_rel_wide_d60,-0.09175150617292971,2025-03-02,npm (causal-imputed)
2025Q1,plc_abs_d60,0.037623254826272046,2025-03-02,npm (causal-imputed)
2025Q1,plc_rel_d60,0.012524842977899908,2025-03-02,npm (causal-imputed)
2025Q1,ctrl_abs_full,0.057673857717038146,2025-04-01,npm (causal-imputed)
2025Q1,dd_abs_full,0.40243441341183583,2025-04-01,npm (causal-imputed)
2025Q1,dd_rel_full,0.3447605556947977,2025-04-01,npm (causal-imputed)
2025Q1,dd_rel_wide_full,-0.09003203844371654,2025-04-01,npm (causal-imputed)
2025Q1,plc_abs_full,0.045732157022911224,2025-04-01,npm (causal-imputed)
2025Q1,plc_rel_full,-0.011941700694126922,2025-04-01,npm (causal-imputed)
2025Q1,googl_reported,1.0,2025-04-24,GOOGL 8-K 0001652044-25-000040
2025Q1,msft_reported,1.0,2025-04-30,MSFT 8-K 0000950170-25-061032
2025Q1,amzn_reported,1.0,2025-05-01,AMZN 8-K 0001018724-25-000034
2025Q2,rev_musd_lag4,645.279,2024-08-08,"SEC, 2024Q2 print"
2025Q2,rev_yoy_lag4,0.2665940407490283,2024-08-08,"SEC 8-K/10-Q, 2024Q2 print"
2025Q2,rev_yoy_lag2,0.2511290615264334,2025-02-13,"SEC 8-K/10-Q, 2024Q4 print"
2025Q2,ctrl_abs_d30,0.12049193574118,2025-05-01,npm (causal-imputed)
2025Q2,dd_abs_d30,0.40238603886270496,2025-05-01,npm (causal-imputed)
2025Q2,dd_rel_d30,0.28189410312152496,2025-05-01,npm (causal-imputed)
2025Q2,dd_rel_wide_d30,-0.13646643895039645,2025-05-01,npm (causal-imputed)
2025Q2,plc_abs_d30,0.09932837333263222,2025-05-01,npm (causal-imputed)
2025Q2,plc_rel_d30,-0.021163562408547776,2025-05-01,npm (causal-imputed)
2025Q2,guide_high_musd,791.0,2025-05-06,8-K EX-99.1 0001561550-25-000118 (UNVERIFIED)
2025Q2,guide_low_musd,787.0,2025-05-06,8-K EX-99.1 0001561550-25-000118 (UNVERIFIED)
2025Q2,guide_mid_musd,789.0,2025-05-06,8-K EX-99.1 0001561550-25-000118 (UNVERIFIED)
2025Q2,rev_yoy_lag1,0.2458883637380919,2025-05-06,"SEC 8-K/10-Q, 2025Q1 print"
2025Q2,ctrl_abs_d45,0.1142531556790285,2025-05-16,npm (causal-imputed)
2025Q2,dd_abs_d45,0.41195859381198474,2025-05-16,npm (causal-imputed)
2025Q2,dd_rel_d45,0.29770543813295625,2025-05-16,npm (causal-imputed)
2025Q2,dd_rel_wide_d45,-0.1363804426959092,2025-05-16,npm (causal-imputed)
2025Q2,plc_abs_d45,0.11505892854154354,2025-05-16,npm (causal-imputed)
2025Q2,plc_rel_d45,0.0008057728625150418,2025-05-16,npm (causal-imputed)
2025Q2,ctrl_abs_d60,0.08477703619930566,2025-05-31,npm (causal-imputed)
2025Q2,dd_abs_d60,0.4159885684786282,2025-05-31,npm (causal-imputed)
2025Q2,dd_rel_d60,0.33121153227932254,2025-05-31,npm (causal-imputed)
2025Q2,dd_rel_wide_d60,-0.1348443331715501,2025-05-31,npm (causal-imputed)
2025Q2,plc_abs_d60,0.12297699625650793,2025-05-31,npm (causal-imputed)
2025Q2,plc_rel_d60,0.038199960057202276,2025-05-31,npm (causal-imputed)
2025Q2,ctrl_abs_full,0.052081349017264245,2025-07-01,npm (causal-imputed)
2025Q2,dd_abs_full,0.41847330521315484,2025-07-01,npm (causal-imputed)
2025Q2,dd_rel_full,0.3663919561958906,2025-07-01,npm (causal-imputed)
2025Q2,dd_rel_wide_full,-0.1338070123372077,2025-07-01,npm (causal-imputed)
2025Q2,plc_abs_full,0.1941176605877608,2025-07-01,npm (causal-imputed)
2025Q2,plc_rel_full,0.14203631157049657,2025-07-01,npm (causal-imputed)
2025Q2,googl_reported,1.0,2025-07-23,GOOGL 8-K 0001652044-25-000056
2025Q2,msft_reported,1.0,2025-07-30,MSFT 8-K 0000950170-25-100226
2025Q2,amzn_reported,1.0,2025-07-31,AMZN 8-K 0001018724-25-000084
2025Q3,rev_musd_lag4,690.016,2024-11-07,"SEC, 2024Q3 print"
2025Q3,rev_yoy_lag4,0.2602203325443442,2024-11-07,"SEC 8-K/10-Q, 2024Q3 print"
2025Q3,rev_yoy_lag2,0.2458883637380919,2025-05-06,"SEC 8-K/10-Q, 2025Q1 print"
2025Q3,ctrl_abs_d30,0.13804085973761637,2025-07-31,npm (causal-imputed)
2025Q3,dd_abs_d30,0.40867065358625965,2025-07-31,npm (causal-imputed)
2025Q3,dd_rel_d30,0.2706297938486433,2025-07-31,npm (causal-imputed)
2025Q3,dd_rel_wide_d30,-0.1496800118646462,2025-07-31,npm (causal-imputed)
2025Q3,plc_abs_d30,0.22747493942365438,2025-07-31,npm (causal-imputed)
2025Q3,plc_rel_d30,0.089434079686038,2025-07-31,npm (causal-imputed)
2025Q3,guide_high_musd,851.0,2025-08-07,8-K EX-99.1 0001561550-25-000216 (UNVERIFIED)
2025Q3,guide_low_musd,847.0,2025-08-07,8-K EX-99.1 0001561550-25-000216 (UNVERIFIED)
2025Q3,guide_mid_musd,849.0,2025-08-07,8-K EX-99.1 0001561550-25-000216 (UNVERIFIED)
2025Q3,rev_yoy_lag1,0.2812442369889614,2025-08-07,"SEC 8-K/10-Q, 2025Q2 print"
2025Q3,ctrl_abs_d45,0.136865274040753,2025-08-15,npm (causal-imputed)
2025Q3,dd_abs_d45,0.38680224221196724,2025-08-15,npm (causal-imputed)
2025Q3,dd_rel_d45,0.24993696817121425,2025-08-15,npm (causal-imputed)
2025Q3,dd_rel_wide_d45,-0.16223297950846316,2025-08-15,npm (causal-imputed)
2025Q3,plc_abs_d45,0.1977196962762875,2025-08-15,npm (causal-imputed)
2025Q3,plc_rel_d45,0.0608544222355345,2025-08-15,npm (causal-imputed)
2025Q3,ctrl_abs_d60,0.1265373533248919,2025-08-30,npm (causal-imputed)
2025Q3,dd_abs_d60,0.3808391029328888,2025-08-30,npm (causal-imputed)
2025Q3,dd_rel_d60,0.2543017496079969,2025-08-30,npm (causal-imputed)
2025Q3,dd_rel_wide_d60,-0.16041475508676584,2025-08-30,npm (causal-imputed)
2025Q3,plc_abs_d60,0.1815456052627269,2025-08-30,npm (causal-imputed)
2025Q3,plc_rel_d60,0.055008251937834984,2025-08-30,npm (causal-imputed)
2025Q3,ctrl_abs_full,0.153741485012155,2025-10-01,npm (causal-imputed)
2025Q3,dd_abs_full,0.3908698938949158,2025-10-01,npm (causal-imputed)
2025Q3,dd_rel_full,0.23712840888276077,2025-10-01,npm (causal-imputed)
2025Q3,dd_rel_wide_full,-0.15707836389807994,2025-10-01,npm (causal-imputed)
2025Q3,plc_abs_full,0.16699148272467568,2025-10-01,npm (causal-imputed)
2025Q3,plc_rel_full,0.013249997712520667,2025-10-01,npm (causal-imputed)
2025Q3,googl_reported,1.0,2025-10-29,GOOGL 8-K 0001652044-25-000087
2025Q3,msft_reported,1.0,2025-10-29,MSFT 8-K 0001193125-25-256310
2025Q3,amzn_reported,1.0,2025-10-30,AMZN 8-K 0001018724-25-000121
2025Q4,rev_musd_lag4,737.727,2025-02-13,"SEC, 2024Q4 print"
2025Q4,rev_yoy_lag4,0.2511290615264334,2025-02-13,"SEC 8-K/10-Q, 2024Q4 print"
2025Q4,rev_yoy_lag2,0.2812442369889614,2025-08-07,"SEC 8-K/10-Q, 2025Q2 print"
2025Q4,ctrl_abs_d30,0.142952642325179,2025-10-31,npm (causal-imputed)
2025Q4,dd_abs_d30,0.3378320027631929,2025-10-31,npm (causal-imputed)
2025Q4,dd_rel_d30,0.1948793604380139,2025-10-31,npm (causal-imputed)
2025Q4,dd_rel_wide_d30,-0.16579588372919218,2025-10-31,npm (causal-imputed)
2025Q4,plc_abs_d30,0.14256985439836,2025-10-31,npm (causal-imputed)
2025Q4,plc_rel_d30,-0.000382787926819006,2025-10-31,npm (causal-imputed)
2025Q4,guide_high_musd,916.0,2025-11-06,8-K EX-99.1 0001561550-25-000310 (UNVERIFIED)
2025Q4,guide_low_musd,912.0,2025-11-06,8-K EX-99.1 0001561550-25-000310 (UNVERIFIED)
2025Q4,guide_mid_musd,914.0,2025-11-06,8-K EX-99.1 0001561550-25-000310 (UNVERIFIED)
2025Q4,rev_yoy_lag1,0.2835224110745258,2025-11-06,"SEC 8-K/10-Q, 2025Q3 print"
2025Q4,ctrl_abs_d45,0.14968790504285323,2025-11-15,npm (causal-imputed)
2025Q4,dd_abs_d45,0.3632689250067571,2025-11-15,npm (causal-imputed)
2025Q4,dd_rel_d45,0.21358101996390388,2025-11-15,npm (causal-imputed)
2025Q4,dd_rel_wide_d45,-0.1530890703291341,2025-11-15,npm (causal-imputed)
2025Q4,plc_abs_d45,0.1381759814058725,2025-11-15,npm (causal-imputed)
2025Q4,plc_rel_d45,-0.011511923636980725,2025-11-15,npm (causal-imputed)
2025Q4,ctrl_abs_d60,0.12912182457220922,2025-11-30,npm (causal-imputed)
2025Q4,dd_abs_d60,0.35131084280634894,2025-11-30,npm (causal-imputed)
2025Q4,dd_rel_d60,0.22218901823413972,2025-11-30,npm (causal-imputed)
2025Q4,dd_rel_wide_d60,-0.1473813425173347,2025-11-30,npm (causal-imputed)
2025Q4,plc_abs_d60,0.12633417413697146,2025-11-30,npm (causal-imputed)
2025Q4,plc_rel_d60,-0.002787650435237765,2025-11-30,npm (causal-imputed)
2025Q4,ctrl_abs_full,0.13403193300138838,2026-01-01,npm (causal-imputed)
2025Q4,dd_abs_full,0.39191789841351365,2026-01-01,npm (causal-imputed)
2025Q4,dd_rel_full,0.2578859654121253,2026-01-01,npm (causal-imputed)
2025Q4,dd_rel_wide_full,-0.13882513677625852,2026-01-01,npm (causal-imputed)
2025Q4,plc_abs_full,0.1863150335547239,2026-01-01,npm (causal-imputed)
2025Q4,plc_rel_full,0.052283100553335515,2026-01-01,npm (causal-imputed)
2025Q4,msft_reported,1.0,2026-01-28,MSFT 8-K 0001193125-26-027198
2025Q4,googl_reported,1.0,2026-02-04,GOOGL 8-K 0001652044-26-000012
2025Q4,amzn_reported,1.0,2026-02-05,AMZN 8-K 0001018724-26-000002
2026Q1,rev_musd_lag4,761.553,2025-05-06,"SEC, 2025Q1 print"
2026Q1,rev_yoy_lag4,0.2458883637380919,2025-05-06,"SEC 8-K/10-Q, 2025Q1 print"
2026Q1,rev_yoy_lag2,0.2835224110745258,2025-11-06,"SEC 8-K/10-Q, 2025Q3 print"
2026Q1,ctrl_abs_d30,0.18727360561802264,2026-01-31,npm (causal-imputed)
2026Q1,dd_abs_d30,0.5882145578611926,2026-01-31,npm (causal-imputed)
2026Q1,dd_rel_d30,0.40094095224316995,2026-01-31,npm (causal-imputed)
2026Q1,dd_rel_wide_d30,-0.03153108290878848,2026-01-31,npm (causal-imputed)
2026Q1,plc_abs_d30,0.37204799374009667,2026-01-31,npm (causal-imputed)
2026Q1,plc_rel_d30,0.18477438812207403,2026-01-31,npm (causal-imputed)
2026Q1,guide_high_musd,961.0,2026-02-10,8-K EX-99.1 0001628280-26-006645 (UNVERIFIED)
2026Q1,guide_low_musd,951.0,2026-02-10,8-K EX-99.1 0001628280-26-006645 (UNVERIFIED)
2026Q1,guide_mid_musd,956.0,2026-02-10,8-K EX-99.1 0001628280-26-006645 (UNVERIFIED)
2026Q1,rev_yoy_lag1,0.2920687462977498,2026-02-10,"SEC 8-K/10-Q, 2025Q4 print"
2026Q1,ctrl_abs_d45,0.17344699290564414,2026-02-15,npm (causal-imputed)
2026Q1,dd_abs_d45,0.5808473959709879,2026-02-15,npm (causal-imputed)
2026Q1,dd_rel_d45,0.40740040306534375,2026-02-15,npm (causal-imputed)
2026Q1,dd_rel_wide_d45,-0.027071079490866623,2026-02-15,npm (causal-imputed)
2026Q1,plc_abs_d45,0.37394084746558676,2026-02-15,npm (causal-imputed)
2026Q1,plc_rel_d45,0.20049385455994262,2026-02-15,npm (causal-imputed)
2026Q1,ctrl_abs_d60,0.18962334592557184,2026-03-02,npm (causal-imputed)
2026Q1,dd_abs_d60,0.5903604507302163,2026-03-02,npm (causal-imputed)
2026Q1,dd_rel_d60,0.4007371048046444,2026-03-02,npm (causal-imputed)
2026Q1,dd_rel_wide_d60,-0.03861189127687936,2026-03-02,npm (causal-imputed)
2026Q1,plc_abs_d60,0.38874509314572236,2026-03-02,npm (causal-imputed)
2026Q1,plc_rel_d60,0.19912174722015052,2026-03-02,npm (causal-imputed)
2026Q1,ctrl_abs_full,0.24524887660212613,2026-04-01,npm (causal-imputed)
2026Q1,dd_abs_full,0.6543871545620199,2026-04-01,npm (causal-imputed)
2026Q1,dd_rel_full,0.40913827795989377,2026-04-01,npm (causal-imputed)
2026Q1,dd_rel_wide_full,-0.04635421780063709,2026-04-01,npm (causal-imputed)
2026Q1,plc_abs_full,0.4578309128844289,2026-04-01,npm (causal-imputed)
2026Q1,plc_rel_full,0.21258203628230277,2026-04-01,npm (causal-imputed)
2026Q1,amzn_reported,1.0,2026-04-29,AMZN 8-K 0001018724-26-000012
2026Q1,googl_reported,1.0,2026-04-29,GOOGL 8-K 0001652044-26-000043
2026Q1,msft_reported,1.0,2026-04-29,MSFT 8-K 0001193125-26-191457
2026Q2,rev_musd_lag4,826.76,2025-08-07,"SEC, 2025Q2 print"
2026Q2,rev_yoy_lag4,0.2812442369889614,2025-08-07,"SEC 8-K/10-Q, 2025Q2 print"
2026Q2,rev_yoy_lag2,0.2920687462977498,2026-02-10,"SEC 8-K/10-Q, 2025Q4 print"
2026Q2,ctrl_abs_d30,0.2877516686163304,2026-05-01,npm (causal-imputed)
2026Q2,dd_abs_d30,0.7226125858762629,2026-05-01,npm (causal-imputed)
2026Q2,dd_rel_d30,0.4348609172599325,2026-05-01,npm (causal-imputed)
2026Q2,dd_rel_wide_d30,-0.2152241468237115,2026-05-01,npm (causal-imputed)
2026Q2,plc_abs_d30,0.5060579480994392,2026-05-01,npm (causal-imputed)
2026Q2,plc_rel_d30,0.21830627948310877,2026-05-01,npm (causal-imputed)
2026Q2,guide_high_musd,1080.0,2026-05-07,8-K EX-99.1 0001628280-26-031677 (UNVERIFIED)
2026Q2,guide_low_musd,1070.0,2026-05-07,8-K EX-99.1 0001628280-26-031677 (UNVERIFIED)
2026Q2,guide_mid_musd,1075.0,2026-05-07,8-K EX-99.1 0001628280-26-031677 (UNVERIFIED)
2026Q2,rev_yoy_lag1,0.3215442654680633,2026-05-07,"SEC 8-K/10-Q, 2026Q1 print"
2026Q2,ctrl_abs_d45,0.29462732527260194,2026-05-16,npm (causal-imputed)
2026Q2,dd_abs_d45,0.7377498370925508,2026-05-16,npm (causal-imputed)
2026Q2,dd_rel_d45,0.4431225118199489,2026-05-16,npm (causal-imputed)
2026Q2,dd_rel_wide_d45,-0.24813132653506997,2026-05-16,npm (causal-imputed)
2026Q2,plc_abs_d45,0.5161215009333553,2026-05-16,npm (causal-imputed)
2026Q2,plc_rel_d45,0.22149417566075336,2026-05-16,npm (causal-imputed)
2026Q2,ctrl_abs_d60,0.3013305864247684,2026-05-31,npm (causal-imputed)
2026Q2,dd_abs_d60,0.7215593315383018,2026-05-31,npm (causal-imputed)
2026Q2,dd_rel_d60,0.42022874511353336,2026-05-31,npm (causal-imputed)
2026Q2,dd_rel_wide_d60,-0.2801956243169208,2026-05-31,npm (causal-imputed)
2026Q2,plc_abs_d60,0.5066021130926188,2026-05-31,npm (causal-imputed)
2026Q2,plc_rel_d60,0.20527152666785042,2026-05-31,npm (causal-imputed)
2026Q2,ctrl_abs_full,0.3256413791876298,2026-07-01,npm (causal-imputed)
2026Q2,dd_abs_full,0.7611568350494728,2026-07-01,npm (causal-imputed)
2026Q2,dd_rel_full,0.43551545586184304,2026-07-01,npm (causal-imputed)
2026Q2,dd_rel_wide_full,-0.29535644522539783,2026-07-01,npm (causal-imputed)
2026Q2,plc_abs_full,0.4679952954557862,2026-07-01,npm (causal-imputed)
2026Q2,plc_rel_full,0.1423539162681564,2026-07-01,npm (causal-imputed)
2026Q2,googl_reported,1.0,2026-07-22,GOOGL 8-K 0001652044-26-000066
2026Q2,msft_reported,1.0,2026-07-29,MSFT 8-K 0001193125-26-323632
2026Q2,amzn_reported,1.0,2026-07-30,AMZN 8-K 0001018724-26-000024
2026Q3,ctrl_abs_d30,0.3542056211439846,2026-07-31,npm (causal-imputed)
2026Q3,dd_abs_d30,0.8675595791505835,2026-07-31,npm (causal-imputed)
2026Q3,dd_rel_d30,0.5133539580065989,2026-07-31,npm (causal-imputed)
2026Q3,dd_rel_wide_d30,-0.3404058995289603,2026-07-31,npm (causal-imputed)
2026Q3,plc_abs_d30,0.5104517633745793,2026-07-31,npm (causal-imputed)
2026Q3,plc_rel_d30,0.15624614223059474,2026-07-31,npm (causal-imputed)
2026Q3,guide_high_musd,1145.0,2026-08-06,8-K EX-99.1 0001628280-26-053829 (UNVERIFIED)
2026Q3,guide_low_musd,1135.0,2026-08-06,8-K EX-99.1 0001628280-26-053829 (UNVERIFIED)
2026Q3,guide_mid_musd,1140.0,2026-08-06,8-K EX-99.1 0001628280-26-053829 (UNVERIFIED)
2026Q3,ctrl_abs_d45,0.32251105353615905,2026-08-15,npm (causal-imputed)
2026Q3,dd_abs_d45,0.8325814510543417,2026-08-15,npm (causal-imputed)
2026Q3,dd_rel_d45,0.5100703975181826,2026-08-15,npm (causal-imputed)
2026Q3,dd_rel_wide_d45,-0.35875322096977413,2026-08-15,npm (causal-imputed)
2026Q3,plc_abs_d45,0.5249351442335985,2026-08-15,npm (causal-imputed)
2026Q3,plc_rel_d45,0.2024240906974395,2026-08-15,npm (causal-imputed)
2026Q3,ctrl_abs_d60,0.0425526185364582,2026-08-30,npm (causal-imputed)
2026Q3,dd_abs_d60,0.5379076001041803,2026-08-30,npm (causal-imputed)
2026Q3,dd_rel_d60,0.49535498156772206,2026-08-30,npm (causal-imputed)
2026Q3,dd_rel_wide_d60,-0.35843960381672346,2026-08-30,npm (causal-imputed)
2026Q3,plc_abs_d60,0.2568654656294811,2026-08-30,npm (causal-imputed)
2026Q3,plc_rel_d60,0.2143128470930229,2026-08-30,npm (causal-imputed)
2026Q3,ctrl_abs_full,-0.4043953817992296,2026-10-01,npm (causal-imputed)
2026Q3,dd_abs_full,0.10406357808829014,2026-10-01,npm (causal-imputed)
2026Q3,dd_rel_full,0.5084589598875198,2026-10-01,npm (causal-imputed)
2026Q3,dd_rel_wide_full,-0.3366052946193534,2026-10-01,npm (causal-imputed)
2026Q3,plc_abs_full,-0.1579299382980821,2026-10-01,npm (causal-imputed)
2026Q3,plc_rel_full,0.24646544350114752,2026-10-01,npm (causal-imputed)
