date,package,downloads,cohort
2026-02-14,ddtrace,526276,datadog
2026-02-15,ddtrace,371693,datadog
2026-02-16,ddtrace,853950,datadog
2026-02-17,ddtrace,1385129,datadog
2026-02-18,ddtrace,1583493,datadog
2026-02-19,ddtrace,1528264,datadog
2026-02-20,ddtrace,1433204,datadog
2026-02-21,ddtrace,455459,datadog
2026-02-22,ddtrace,370641,datadog
2026-02-23,ddtrace,1221255,datadog
2026-02-24,ddtrace,1747531,datadog
2026-02-25,ddtrace,1379292,datadog
2026-02-26,ddtrace,1469315,datadog
2026-02-27,ddtrace,1520554,datadog
2026-02-28,ddtrace,608483,datadog
2026-03-01,ddtrace,544612,datadog
2026-03-02,ddtrace,1510365,datadog
2026-03-03,ddtrace,1713591,datadog
2026-03-04,ddtrace,1782922,datadog
2026-03-05,ddtrace,1771135,datadog
2026-03-06,ddtrace,1709587,datadog
2026-03-07,ddtrace,654898,datadog
2026-03-08,ddtrace,485530,datadog
2026-03-09,ddtrace,1527544,datadog
2026-03-10,ddtrace,1565427,datadog
2026-03-11,ddtrace,1612869,datadog
2026-03-12,ddtrace,1588689,datadog
2026-03-13,ddtrace,1517348,datadog
2026-03-14,ddtrace,459306,datadog
2026-03-15,ddtrace,421208,datadog
2026-03-16,ddtrace,1443966,datadog
2026-03-17,ddtrace,1713966,datadog
2026-03-18,ddtrace,1442974,datadog
2026-03-19,ddtrace,1532161,datadog
2026-03-20,ddtrace,1354198,datadog
2026-03-21,ddtrace,412048,datadog
2026-03-22,ddtrace,337513,datadog
2026-03-23,ddtrace,1381738,datadog
2026-03-24,ddtrace,1632905,datadog
2026-03-25,ddtrace,1577066,datadog
2026-03-26,ddtrace,1492602,datadog
2026-03-27,ddtrace,1361245,datadog
2026-03-28,ddtrace,407341,datadog
2026-03-29,ddtrace,355993,datadog
2026-03-30,ddtrace,1317523,datadog
2026-03-31,ddtrace,1521889,datadog
2026-04-01,ddtrace,1450855,datadog
2026-04-02,ddtrace,1361132,datadog
2026-04-03,ddtrace,1084340,datadog
2026-04-04,ddtrace,332972,datadog
2026-04-05,ddtrace,313234,datadog
2026-04-06,ddtrace,1110616,datadog
2026-04-07,ddtrace,1487994,datadog
2026-04-08,ddtrace,1521843,datadog
2026-04-09,ddtrace,1563692,datadog
2026-04-10,ddtrace,1459872,datadog
2026-04-11,ddtrace,426878,datadog
2026-04-12,ddtrace,374175,datadog
2026-04-13,ddtrace,1367753,datadog
2026-04-14,ddtrace,1540735,datadog
2026-04-15,ddtrace,1587931,datadog
2026-04-16,ddtrace,1543402,datadog
2026-04-17,ddtrace,1350561,datadog
2026-04-18,ddtrace,434505,datadog
2026-04-19,ddtrace,397296,datadog
2026-04-20,ddtrace,1381592,datadog
2026-04-21,ddtrace,1560943,datadog
2026-04-22,ddtrace,1582600,datadog
2026-04-23,ddtrace,1626604,datadog
2026-04-24,ddtrace,1640859,datadog
2026-04-25,ddtrace,633747,datadog
2026-04-26,ddtrace,707728,datadog
2026-04-27,ddtrace,1682388,datadog
2026-04-28,ddtrace,1853474,datadog
2026-04-29,ddtrace,1715929,datadog
2026-04-30,ddtrace,1592409,datadog
2026-05-01,ddtrace,1376262,datadog
2026-05-02,ddtrace,497150,datadog
2026-05-03,ddtrace,413709,datadog
2026-05-04,ddtrace,1394182,datadog
2026-05-05,ddtrace,1639602,datadog
2026-05-06,ddtrace,1683394,datadog
2026-05-07,ddtrace,1653733,datadog
2026-05-08,ddtrace,1455263,datadog
2026-05-09,ddtrace,502272,datadog
2026-05-10,ddtrace,391335,datadog
2026-05-11,ddtrace,1491922,datadog
2026-05-12,ddtrace,1586371,datadog
2026-05-13,ddtrace,1724724,datadog
2026-05-14,ddtrace,1653528,datadog
2026-05-15,ddtrace,1508059,datadog
2026-05-16,ddtrace,499009,datadog
2026-05-17,ddtrace,408024,datadog
2026-05-18,ddtrace,1500929,datadog
2026-05-19,ddtrace,1719797,datadog
2026-05-20,ddtrace,1736813,datadog
2026-05-21,ddtrace,1700972,datadog
2026-05-22,ddtrace,1510442,datadog
2026-05-23,ddtrace,437357,datadog
2026-05-24,ddtrace,370552,datadog
2026-05-25,ddtrace,716907,datadog
2026-05-26,ddtrace,1448710,datadog
2026-05-27,ddtrace,1684128,datadog
2026-05-28,ddtrace,1747544,datadog
2026-05-29,ddtrace,1604755,datadog
2026-05-30,ddtrace,495551,datadog
2026-05-31,ddtrace,463329,datadog
2026-06-01,ddtrace,1559144,datadog
2026-06-02,ddtrace,1836958,datadog
2026-06-03,ddtrace,1767899,datadog
2026-06-04,ddtrace,1942983,datadog
2026-06-05,ddtrace,1624905,datadog
2026-06-06,ddtrace,486249,datadog
2026-06-07,ddtrace,397831,datadog
2026-06-08,ddtrace,1609765,datadog
2026-06-09,ddtrace,1682881,datadog
2026-06-10,ddtrace,1526494,datadog
2026-06-11,ddtrace,1646666,datadog
2026-06-12,ddtrace,1402258,datadog
2026-06-13,ddtrace,388325,datadog
2026-06-14,ddtrace,373095,datadog
2026-06-15,ddtrace,1595801,datadog
2026-06-16,ddtrace,1888868,datadog
2026-06-17,ddtrace,1638474,datadog
2026-06-18,ddtrace,1556088,datadog
2026-06-19,ddtrace,983451,datadog
2026-06-20,ddtrace,335780,datadog
2026-06-21,ddtrace,379708,datadog
2026-06-22,ddtrace,1406067,datadog
2026-06-23,ddtrace,1568482,datadog
2026-06-24,ddtrace,1598787,datadog
2026-06-25,ddtrace,1505780,datadog
2026-06-26,ddtrace,1307283,datadog
2026-06-27,ddtrace,347371,datadog
2026-06-28,ddtrace,337825,datadog
2026-06-29,ddtrace,1281323,datadog
2026-06-30,ddtrace,1756343,datadog
2026-07-01,ddtrace,1439342,datadog
2026-07-02,ddtrace,1649030,datadog
2026-07-03,ddtrace,991943,datadog
2026-07-04,ddtrace,774528,datadog
2026-07-05,ddtrace,675514,datadog
2026-07-06,ddtrace,1508160,datadog
2026-07-07,ddtrace,2242165,datadog
2026-07-08,ddtrace,2661462,datadog
2026-07-09,ddtrace,1684854,datadog
2026-07-10,ddtrace,1459929,datadog
2026-07-11,ddtrace,676124,datadog
2026-07-12,ddtrace,715197,datadog
2026-07-13,ddtrace,1917657,datadog
2026-07-14,ddtrace,1777599,datadog
2026-07-15,ddtrace,1699449,datadog
2026-07-16,ddtrace,1758100,datadog
2026-07-17,ddtrace,1568048,datadog
2026-07-18,ddtrace,497753,datadog
2026-07-19,ddtrace,469366,datadog
2026-07-20,ddtrace,1730855,datadog
2026-07-21,ddtrace,1982870,datadog
2026-07-22,ddtrace,2138184,datadog
2026-07-23,ddtrace,1996316,datadog
2026-07-24,ddtrace,1660280,datadog
2026-07-25,ddtrace,602735,datadog
2026-07-26,ddtrace,521409,datadog
2026-07-27,ddtrace,1812078,datadog
2026-07-28,ddtrace,1968194,datadog
2026-07-29,ddtrace,2048332,datadog
2026-07-30,ddtrace,1946337,datadog
2026-07-31,ddtrace,1695506,datadog
2026-08-01,ddtrace,542308,datadog
2026-08-02,ddtrace,508120,datadog
2026-08-03,ddtrace,1624428,datadog
2026-08-04,ddtrace,1899682,datadog
2026-08-05,ddtrace,1843202,datadog
2026-08-06,ddtrace,1501232,datadog
2026-08-07,ddtrace,1867369,datadog
2026-08-08,ddtrace,622359,datadog
2026-08-09,ddtrace,527673,datadog
2026-08-10,ddtrace,1748861,datadog
2026-08-11,ddtrace,2254079,datadog
2026-08-12,ddtrace,2232014,datadog
2026-08-13,ddtrace,1988230,datadog
2026-02-14,datadog,1626535,datadog
2026-02-15,datadog,1502812,datadog
2026-02-16,datadog,1886723,datadog
2026-02-17,datadog,2507310,datadog
2026-02-18,datadog,2565429,datadog
2026-02-19,datadog,2500125,datadog
2026-02-20,datadog,2453372,datadog
2026-02-21,datadog,1634127,datadog
2026-02-22,datadog,1524391,datadog
2026-02-23,datadog,2347849,datadog
2026-02-24,datadog,2655268,datadog
2026-02-25,datadog,2575358,datadog
2026-02-26,datadog,2585105,datadog
2026-02-27,datadog,2307066,datadog
2026-02-28,datadog,1374425,datadog
2026-03-01,datadog,1292967,datadog
2026-03-02,datadog,2222000,datadog
2026-03-03,datadog,2511267,datadog
2026-03-04,datadog,2578102,datadog
2026-03-05,datadog,2443184,datadog
2026-03-06,datadog,2380485,datadog
2026-03-07,datadog,1505425,datadog
2026-03-08,datadog,1353551,datadog
2026-03-09,datadog,2311449,datadog
2026-03-10,datadog,2573433,datadog
2026-03-11,datadog,2674647,datadog
2026-03-12,datadog,2627980,datadog
2026-03-13,datadog,2537684,datadog
2026-03-14,datadog,1547749,datadog
2026-03-15,datadog,1458939,datadog
2026-03-16,datadog,2518748,datadog
2026-03-17,datadog,2586126,datadog
2026-03-18,datadog,2527040,datadog
2026-03-19,datadog,2575862,datadog
2026-03-20,datadog,2427772,datadog
2026-03-21,datadog,1420960,datadog
2026-03-22,datadog,1374579,datadog
2026-03-23,datadog,2487549,datadog
2026-03-24,datadog,2638622,datadog
2026-03-25,datadog,2661734,datadog
2026-03-26,datadog,2651075,datadog
2026-03-27,datadog,2686757,datadog
2026-03-28,datadog,1497500,datadog
2026-03-29,datadog,1354466,datadog
2026-03-30,datadog,2367584,datadog
2026-03-31,datadog,2649344,datadog
2026-04-01,datadog,2494402,datadog
2026-04-02,datadog,2465871,datadog
2026-04-03,datadog,2203181,datadog
2026-04-04,datadog,1406466,datadog
2026-04-05,datadog,1336162,datadog
2026-04-06,datadog,2233483,datadog
2026-04-07,datadog,2636844,datadog
2026-04-08,datadog,2676666,datadog
2026-04-09,datadog,2742467,datadog
2026-04-10,datadog,2550836,datadog
2026-04-11,datadog,1480978,datadog
2026-04-12,datadog,1428317,datadog
2026-04-13,datadog,2528096,datadog
2026-04-14,datadog,2671579,datadog
2026-04-15,datadog,2723290,datadog
2026-04-16,datadog,2697007,datadog
2026-04-17,datadog,2567405,datadog
2026-04-18,datadog,1489460,datadog
2026-04-19,datadog,1440587,datadog
2026-04-20,datadog,2519566,datadog
2026-04-21,datadog,2675312,datadog
2026-04-22,datadog,2666891,datadog
2026-04-23,datadog,2736206,datadog
2026-04-24,datadog,2574662,datadog
2026-04-25,datadog,1726009,datadog
2026-04-26,datadog,1582173,datadog
2026-04-27,datadog,2611426,datadog
2026-04-28,datadog,2926150,datadog
2026-04-29,datadog,2950136,datadog
2026-04-30,datadog,2890097,datadog
2026-05-01,datadog,2549868,datadog
2026-05-02,datadog,1647029,datadog
2026-05-03,datadog,1592070,datadog
2026-05-04,datadog,2631993,datadog
2026-05-05,datadog,2911973,datadog
2026-05-06,datadog,2855882,datadog
2026-05-07,datadog,2831611,datadog
2026-05-08,datadog,2683639,datadog
2026-05-09,datadog,1666318,datadog
2026-05-10,datadog,1515512,datadog
2026-05-11,datadog,2556312,datadog
2026-05-12,datadog,2586453,datadog
2026-05-13,datadog,2795378,datadog
2026-05-14,datadog,2657567,datadog
2026-05-15,datadog,2563366,datadog
2026-05-16,datadog,1545737,datadog
2026-05-17,datadog,1513651,datadog
2026-05-18,datadog,2532925,datadog
2026-05-19,datadog,2759456,datadog
2026-05-20,datadog,2746902,datadog
2026-05-21,datadog,2743104,datadog
2026-05-22,datadog,2563201,datadog
2026-05-23,datadog,1430452,datadog
2026-05-24,datadog,1400236,datadog
2026-05-25,datadog,1795220,datadog
2026-05-26,datadog,2493885,datadog
2026-05-27,datadog,2707495,datadog
2026-05-28,datadog,2737346,datadog
2026-05-29,datadog,2621063,datadog
2026-05-30,datadog,1460816,datadog
2026-05-31,datadog,1410197,datadog
2026-06-01,datadog,2457840,datadog
2026-06-02,datadog,2793935,datadog
2026-06-03,datadog,2787824,datadog
2026-06-04,datadog,2841716,datadog
2026-06-05,datadog,2616316,datadog
2026-06-06,datadog,1504114,datadog
2026-06-07,datadog,1401153,datadog
2026-06-08,datadog,2520197,datadog
2026-06-09,datadog,2754258,datadog
2026-06-10,datadog,2624751,datadog
2026-06-11,datadog,2605116,datadog
2026-06-12,datadog,2485401,datadog
2026-06-13,datadog,1471330,datadog
2026-06-14,datadog,1394234,datadog
2026-06-15,datadog,2565063,datadog
2026-06-16,datadog,2808893,datadog
2026-06-17,datadog,2671366,datadog
2026-06-18,datadog,2530525,datadog
2026-06-19,datadog,2080696,datadog
2026-06-20,datadog,1452881,datadog
2026-06-21,datadog,1442041,datadog
2026-06-22,datadog,2450140,datadog
2026-06-23,datadog,2657921,datadog
2026-06-24,datadog,2679155,datadog
2026-06-25,datadog,2579750,datadog
2026-06-26,datadog,2370061,datadog
2026-06-27,datadog,1449822,datadog
2026-06-28,datadog,1432480,datadog
2026-06-29,datadog,2316921,datadog
2026-06-30,datadog,2601033,datadog
2026-07-01,datadog,2476413,datadog
2026-07-02,datadog,2516453,datadog
2026-07-03,datadog,1912307,datadog
2026-07-04,datadog,1466589,datadog
2026-07-05,datadog,1488291,datadog
2026-07-06,datadog,2454688,datadog
2026-07-07,datadog,2649816,datadog
2026-07-08,datadog,2790816,datadog
2026-07-09,datadog,2607082,datadog
2026-07-10,datadog,2500882,datadog
2026-07-11,datadog,1478222,datadog
2026-07-12,datadog,1510945,datadog
2026-07-13,datadog,2625338,datadog
2026-07-14,datadog,2655260,datadog
2026-07-15,datadog,2738330,datadog
2026-07-16,datadog,2616685,datadog
2026-07-17,datadog,2527401,datadog
2026-07-18,datadog,1555675,datadog
2026-07-19,datadog,1543747,datadog
2026-07-20,datadog,2546783,datadog
2026-07-21,datadog,2786891,datadog
2026-07-22,datadog,2642930,datadog
2026-07-23,datadog,2567642,datadog
2026-07-24,datadog,2412688,datadog
2026-07-25,datadog,1412783,datadog
2026-07-26,datadog,1459854,datadog
2026-07-27,datadog,2516509,datadog
2026-07-28,datadog,2633857,datadog
2026-07-29,datadog,2657515,datadog
2026-07-30,datadog,2565017,datadog
2026-07-31,datadog,2436666,datadog
2026-08-01,datadog,1432449,datadog
2026-08-02,datadog,1414562,datadog
2026-08-03,datadog,2392008,datadog
2026-08-04,datadog,2609826,datadog
2026-08-05,datadog,2567817,datadog
2026-08-06,datadog,2282161,datadog
2026-08-07,datadog,2588765,datadog
2026-08-08,datadog,1498196,datadog
2026-08-09,datadog,1427768,datadog
2026-08-10,datadog,2409865,datadog
2026-08-11,datadog,2649664,datadog
2026-08-12,datadog,2620943,datadog
2026-08-13,datadog,2711131,datadog
2026-02-14,datadog-api-client,385140,datadog
2026-02-15,datadog-api-client,338283,datadog
2026-02-16,datadog-api-client,539471,datadog
2026-02-17,datadog-api-client,764890,datadog
2026-02-18,datadog-api-client,858533,datadog
2026-02-19,datadog-api-client,863919,datadog
2026-02-20,datadog-api-client,770038,datadog
2026-02-21,datadog-api-client,380184,datadog
2026-02-22,datadog-api-client,331982,datadog
2026-02-23,datadog-api-client,760198,datadog
2026-02-24,datadog-api-client,1009726,datadog
2026-02-25,datadog-api-client,888156,datadog
2026-02-26,datadog-api-client,883929,datadog
2026-02-27,datadog-api-client,921375,datadog
2026-02-28,datadog-api-client,422597,datadog
2026-03-01,datadog-api-client,365560,datadog
2026-03-02,datadog-api-client,820204,datadog
2026-03-03,datadog-api-client,964788,datadog
2026-03-04,datadog-api-client,1014398,datadog
2026-03-05,datadog-api-client,970723,datadog
2026-03-06,datadog-api-client,903063,datadog
2026-03-07,datadog-api-client,481287,datadog
2026-03-08,datadog-api-client,403654,datadog
2026-03-09,datadog-api-client,891123,datadog
2026-03-10,datadog-api-client,1056200,datadog
2026-03-11,datadog-api-client,1012307,datadog
2026-03-12,datadog-api-client,996424,datadog
2026-03-13,datadog-api-client,958008,datadog
2026-03-14,datadog-api-client,432645,datadog
2026-03-15,datadog-api-client,373742,datadog
2026-03-16,datadog-api-client,938071,datadog
2026-03-17,datadog-api-client,1069615,datadog
2026-03-18,datadog-api-client,1043643,datadog
2026-03-19,datadog-api-client,1032411,datadog
2026-03-20,datadog-api-client,938539,datadog
2026-03-21,datadog-api-client,463105,datadog
2026-03-22,datadog-api-client,416228,datadog
2026-03-23,datadog-api-client,950749,datadog
2026-03-24,datadog-api-client,1039999,datadog
2026-03-25,datadog-api-client,1035400,datadog
2026-03-26,datadog-api-client,983686,datadog
2026-03-27,datadog-api-client,958891,datadog
2026-03-28,datadog-api-client,437240,datadog
2026-03-29,datadog-api-client,406130,datadog
2026-03-30,datadog-api-client,891713,datadog
2026-03-31,datadog-api-client,992261,datadog
2026-04-01,datadog-api-client,974494,datadog
2026-04-02,datadog-api-client,915596,datadog
2026-04-03,datadog-api-client,803105,datadog
2026-04-04,datadog-api-client,405496,datadog
2026-04-05,datadog-api-client,393038,datadog
2026-04-06,datadog-api-client,822411,datadog
2026-04-07,datadog-api-client,1065584,datadog
2026-04-08,datadog-api-client,1058690,datadog
2026-04-09,datadog-api-client,1082802,datadog
2026-04-10,datadog-api-client,994037,datadog
2026-04-11,datadog-api-client,461131,datadog
2026-04-12,datadog-api-client,438020,datadog
2026-04-13,datadog-api-client,946825,datadog
2026-04-14,datadog-api-client,1027421,datadog
2026-04-15,datadog-api-client,1079701,datadog
2026-04-16,datadog-api-client,1054268,datadog
2026-04-17,datadog-api-client,965903,datadog
2026-04-18,datadog-api-client,459343,datadog
2026-04-19,datadog-api-client,442739,datadog
2026-04-20,datadog-api-client,981177,datadog
2026-04-21,datadog-api-client,1071674,datadog
2026-04-22,datadog-api-client,1030198,datadog
2026-04-23,datadog-api-client,1059354,datadog
2026-04-24,datadog-api-client,996974,datadog
2026-04-25,datadog-api-client,472157,datadog
2026-04-26,datadog-api-client,454624,datadog
2026-04-27,datadog-api-client,970730,datadog
2026-04-28,datadog-api-client,1222383,datadog
2026-04-29,datadog-api-client,1204668,datadog
2026-04-30,datadog-api-client,1150821,datadog
2026-05-01,datadog-api-client,1035118,datadog
2026-05-02,datadog-api-client,511572,datadog
2026-05-03,datadog-api-client,456898,datadog
2026-05-04,datadog-api-client,1074171,datadog
2026-05-05,datadog-api-client,1183323,datadog
2026-05-06,datadog-api-client,1198300,datadog
2026-05-07,datadog-api-client,1164165,datadog
2026-05-08,datadog-api-client,1081872,datadog
2026-05-09,datadog-api-client,557443,datadog
2026-05-10,datadog-api-client,411284,datadog
2026-05-11,datadog-api-client,1057953,datadog
2026-05-12,datadog-api-client,1195373,datadog
2026-05-13,datadog-api-client,1244388,datadog
2026-05-14,datadog-api-client,1317150,datadog
2026-05-15,datadog-api-client,1173396,datadog
2026-05-16,datadog-api-client,566126,datadog
2026-05-17,datadog-api-client,475594,datadog
2026-05-18,datadog-api-client,1194978,datadog
2026-05-19,datadog-api-client,1339307,datadog
2026-05-20,datadog-api-client,1370016,datadog
2026-05-21,datadog-api-client,1267748,datadog
2026-05-22,datadog-api-client,1163413,datadog
2026-05-23,datadog-api-client,483339,datadog
2026-05-24,datadog-api-client,483477,datadog
2026-05-25,datadog-api-client,694893,datadog
2026-05-26,datadog-api-client,1160087,datadog
2026-05-27,datadog-api-client,1252284,datadog
2026-05-28,datadog-api-client,1279136,datadog
2026-05-29,datadog-api-client,1281457,datadog
2026-05-30,datadog-api-client,570856,datadog
2026-05-31,datadog-api-client,470757,datadog
2026-06-01,datadog-api-client,1069133,datadog
2026-06-02,datadog-api-client,1214391,datadog
2026-06-03,datadog-api-client,1203118,datadog
2026-06-04,datadog-api-client,1185279,datadog
2026-06-05,datadog-api-client,1091311,datadog
2026-06-06,datadog-api-client,499034,datadog
2026-06-07,datadog-api-client,512850,datadog
2026-06-08,datadog-api-client,1086949,datadog
2026-06-09,datadog-api-client,1116146,datadog
2026-06-10,datadog-api-client,1092481,datadog
2026-06-11,datadog-api-client,1046132,datadog
2026-06-12,datadog-api-client,940499,datadog
2026-06-13,datadog-api-client,456623,datadog
2026-06-14,datadog-api-client,430720,datadog
2026-06-15,datadog-api-client,966443,datadog
2026-06-16,datadog-api-client,1079574,datadog
2026-06-17,datadog-api-client,1035631,datadog
2026-06-18,datadog-api-client,1003658,datadog
2026-06-19,datadog-api-client,759036,datadog
2026-06-20,datadog-api-client,440272,datadog
2026-06-21,datadog-api-client,428309,datadog
2026-06-22,datadog-api-client,932719,datadog
2026-06-23,datadog-api-client,1014830,datadog
2026-06-24,datadog-api-client,991793,datadog
2026-06-25,datadog-api-client,999240,datadog
2026-06-26,datadog-api-client,907818,datadog
2026-06-27,datadog-api-client,450107,datadog
2026-06-28,datadog-api-client,443160,datadog
2026-06-29,datadog-api-client,867657,datadog
2026-06-30,datadog-api-client,929322,datadog
2026-07-01,datadog-api-client,932655,datadog
2026-07-02,datadog-api-client,922754,datadog
2026-07-03,datadog-api-client,665456,datadog
2026-07-04,datadog-api-client,397402,datadog
2026-07-05,datadog-api-client,386029,datadog
2026-07-06,datadog-api-client,929734,datadog
2026-07-07,datadog-api-client,985714,datadog
2026-07-08,datadog-api-client,976368,datadog
2026-07-09,datadog-api-client,966835,datadog
2026-07-10,datadog-api-client,891022,datadog
2026-07-11,datadog-api-client,446117,datadog
2026-07-12,datadog-api-client,484338,datadog
2026-07-13,datadog-api-client,1027501,datadog
2026-07-14,datadog-api-client,1004302,datadog
2026-07-15,datadog-api-client,1007602,datadog
2026-07-16,datadog-api-client,1022454,datadog
2026-07-17,datadog-api-client,985598,datadog
2026-07-18,datadog-api-client,508787,datadog
2026-07-19,datadog-api-client,495413,datadog
2026-07-20,datadog-api-client,981652,datadog
2026-07-21,datadog-api-client,1087108,datadog
2026-07-22,datadog-api-client,1038274,datadog
2026-07-23,datadog-api-client,998353,datadog
2026-07-24,datadog-api-client,930425,datadog
2026-07-25,datadog-api-client,468888,datadog
2026-07-26,datadog-api-client,441723,datadog
2026-07-27,datadog-api-client,971057,datadog
2026-07-28,datadog-api-client,1036278,datadog
2026-07-29,datadog-api-client,1033056,datadog
2026-07-30,datadog-api-client,1048877,datadog
2026-07-31,datadog-api-client,940656,datadog
2026-08-01,datadog-api-client,451272,datadog
2026-08-02,datadog-api-client,443600,datadog
2026-08-03,datadog-api-client,924500,datadog
2026-08-04,datadog-api-client,1057745,datadog
2026-08-05,datadog-api-client,1009080,datadog
2026-08-06,datadog-api-client,891649,datadog
2026-08-07,datadog-api-client,1081284,datadog
2026-08-08,datadog-api-client,521934,datadog
2026-08-09,datadog-api-client,453857,datadog
2026-08-10,datadog-api-client,943526,datadog
2026-08-11,datadog-api-client,999357,datadog
2026-08-12,datadog-api-client,1012874,datadog
2026-08-13,datadog-api-client,1031341,datadog
2026-02-14,opentelemetry-api,5078545,control
2026-02-15,opentelemetry-api,4464058,control
2026-02-16,opentelemetry-api,7466301,control
2026-02-17,opentelemetry-api,8376176,control
2026-02-18,opentelemetry-api,8730079,control
2026-02-19,opentelemetry-api,9069625,control
2026-02-20,opentelemetry-api,8606801,control
2026-02-21,opentelemetry-api,5067076,control
2026-02-22,opentelemetry-api,5163385,control
2026-02-23,opentelemetry-api,8652620,control
2026-02-24,opentelemetry-api,10494206,control
2026-02-25,opentelemetry-api,10314075,control
2026-02-26,opentelemetry-api,10235836,control
2026-02-27,opentelemetry-api,9369720,control
2026-02-28,opentelemetry-api,5226802,control
2026-03-01,opentelemetry-api,5076666,control
2026-03-02,opentelemetry-api,9312801,control
2026-03-03,opentelemetry-api,9953317,control
2026-03-04,opentelemetry-api,11186903,control
2026-03-05,opentelemetry-api,11030349,control
2026-03-06,opentelemetry-api,10331753,control
2026-03-07,opentelemetry-api,6217524,control
2026-03-08,opentelemetry-api,5694893,control
2026-03-09,opentelemetry-api,10334298,control
2026-03-10,opentelemetry-api,11537763,control
2026-03-11,opentelemetry-api,11441318,control
2026-03-12,opentelemetry-api,11629367,control
2026-03-13,opentelemetry-api,10228245,control
2026-03-14,opentelemetry-api,5857978,control
2026-03-15,opentelemetry-api,5499842,control
2026-03-16,opentelemetry-api,10390424,control
2026-03-17,opentelemetry-api,12033209,control
2026-03-18,opentelemetry-api,12250236,control
2026-03-19,opentelemetry-api,13707989,control
2026-03-20,opentelemetry-api,12379328,control
2026-03-21,opentelemetry-api,6647041,control
2026-03-22,opentelemetry-api,7031908,control
2026-03-23,opentelemetry-api,14997289,control
2026-03-24,opentelemetry-api,13237133,control
2026-03-25,opentelemetry-api,13813550,control
2026-03-26,opentelemetry-api,18341890,control
2026-03-27,opentelemetry-api,15236711,control
2026-03-28,opentelemetry-api,7223827,control
2026-03-29,opentelemetry-api,7135101,control
2026-03-30,opentelemetry-api,12510464,control
2026-03-31,opentelemetry-api,12992703,control
2026-04-01,opentelemetry-api,13539221,control
2026-04-02,opentelemetry-api,12785053,control
2026-04-03,opentelemetry-api,10872132,control
2026-04-04,opentelemetry-api,7806570,control
2026-04-05,opentelemetry-api,7362785,control
2026-04-06,opentelemetry-api,11267557,control
2026-04-07,opentelemetry-api,13512195,control
2026-04-08,opentelemetry-api,14122773,control
2026-04-09,opentelemetry-api,14018084,control
2026-04-10,opentelemetry-api,13638296,control
2026-04-11,opentelemetry-api,7885004,control
2026-04-12,opentelemetry-api,8720982,control
2026-04-13,opentelemetry-api,13640522,control
2026-04-14,opentelemetry-api,15358651,control
2026-04-15,opentelemetry-api,15276464,control
2026-04-16,opentelemetry-api,14867045,control
2026-04-17,opentelemetry-api,13965283,control
2026-04-18,opentelemetry-api,8726793,control
2026-04-19,opentelemetry-api,8103427,control
2026-04-20,opentelemetry-api,14416033,control
2026-04-21,opentelemetry-api,15268569,control
2026-04-22,opentelemetry-api,14690750,control
2026-04-23,opentelemetry-api,14536790,control
2026-04-24,opentelemetry-api,14374804,control
2026-04-25,opentelemetry-api,8594241,control
2026-04-26,opentelemetry-api,8447669,control
2026-04-27,opentelemetry-api,14842239,control
2026-04-28,opentelemetry-api,15401396,control
2026-04-29,opentelemetry-api,15052353,control
2026-04-30,opentelemetry-api,14406049,control
2026-05-01,opentelemetry-api,12363608,control
2026-05-02,opentelemetry-api,8674687,control
2026-05-03,opentelemetry-api,8799050,control
2026-05-04,opentelemetry-api,14095367,control
2026-05-05,opentelemetry-api,16361949,control
2026-05-06,opentelemetry-api,16349640,control
2026-05-07,opentelemetry-api,16829558,control
2026-05-08,opentelemetry-api,14750297,control
2026-05-09,opentelemetry-api,9051442,control
2026-05-10,opentelemetry-api,9096798,control
2026-05-11,opentelemetry-api,15310217,control
2026-05-12,opentelemetry-api,15549770,control
2026-05-13,opentelemetry-api,14936614,control
2026-05-14,opentelemetry-api,14680550,control
2026-05-15,opentelemetry-api,14172909,control
2026-05-16,opentelemetry-api,9052301,control
2026-05-17,opentelemetry-api,9062536,control
2026-05-18,opentelemetry-api,15091338,control
2026-05-19,opentelemetry-api,15874659,control
2026-05-20,opentelemetry-api,15461121,control
2026-05-21,opentelemetry-api,15960273,control
2026-05-22,opentelemetry-api,14692092,control
2026-05-23,opentelemetry-api,8715050,control
2026-05-24,opentelemetry-api,8944494,control
2026-05-25,opentelemetry-api,11411603,control
2026-05-26,opentelemetry-api,13930211,control
2026-05-27,opentelemetry-api,14391114,control
2026-05-28,opentelemetry-api,15676224,control
2026-05-29,opentelemetry-api,15466954,control
2026-05-30,opentelemetry-api,8720834,control
2026-05-31,opentelemetry-api,8445639,control
2026-06-01,opentelemetry-api,14648788,control
2026-06-02,opentelemetry-api,16633079,control
2026-06-03,opentelemetry-api,15341895,control
2026-06-04,opentelemetry-api,15465418,control
2026-06-05,opentelemetry-api,14449138,control
2026-06-06,opentelemetry-api,9589580,control
2026-06-07,opentelemetry-api,9261775,control
2026-06-08,opentelemetry-api,15296688,control
2026-06-09,opentelemetry-api,16640881,control
2026-06-10,opentelemetry-api,17837933,control
2026-06-11,opentelemetry-api,16978383,control
2026-06-12,opentelemetry-api,14855921,control
2026-06-13,opentelemetry-api,9627875,control
2026-06-14,opentelemetry-api,9263159,control
2026-06-15,opentelemetry-api,15583679,control
2026-06-16,opentelemetry-api,16648321,control
2026-06-17,opentelemetry-api,16954865,control
2026-06-18,opentelemetry-api,15967326,control
2026-06-19,opentelemetry-api,13633743,control
2026-06-20,opentelemetry-api,10014801,control
2026-06-21,opentelemetry-api,9535429,control
2026-06-22,opentelemetry-api,15648658,control
2026-06-23,opentelemetry-api,15982007,control
2026-06-24,opentelemetry-api,16862384,control
2026-06-25,opentelemetry-api,16797506,control
2026-06-26,opentelemetry-api,15180095,control
2026-06-27,opentelemetry-api,9916683,control
2026-06-28,opentelemetry-api,10088725,control
2026-06-29,opentelemetry-api,16633106,control
2026-06-30,opentelemetry-api,16174232,control
2026-07-01,opentelemetry-api,16892271,control
2026-07-02,opentelemetry-api,15622901,control
2026-07-03,opentelemetry-api,13393839,control
2026-07-04,opentelemetry-api,9347281,control
2026-07-05,opentelemetry-api,8988822,control
2026-07-06,opentelemetry-api,15334929,control
2026-07-07,opentelemetry-api,16775203,control
2026-07-08,opentelemetry-api,16120932,control
2026-07-09,opentelemetry-api,15972081,control
2026-07-10,opentelemetry-api,15372884,control
2026-07-11,opentelemetry-api,9722776,control
2026-07-12,opentelemetry-api,9726282,control
2026-07-13,opentelemetry-api,15817299,control
2026-07-14,opentelemetry-api,16986178,control
2026-07-15,opentelemetry-api,16735069,control
2026-07-16,opentelemetry-api,17649365,control
2026-07-17,opentelemetry-api,16939956,control
2026-07-18,opentelemetry-api,10056159,control
2026-07-19,opentelemetry-api,9505622,control
2026-07-20,opentelemetry-api,16130701,control
2026-07-21,opentelemetry-api,17197007,control
2026-07-22,opentelemetry-api,17350018,control
2026-07-23,opentelemetry-api,17361385,control
2026-07-24,opentelemetry-api,15811191,control
2026-07-25,opentelemetry-api,9517306,control
2026-07-26,opentelemetry-api,9579830,control
2026-07-27,opentelemetry-api,16494818,control
2026-07-28,opentelemetry-api,18949539,control
2026-07-29,opentelemetry-api,20439431,control
2026-07-30,opentelemetry-api,20036566,control
2026-07-31,opentelemetry-api,17964487,control
2026-08-01,opentelemetry-api,12107009,control
2026-08-02,opentelemetry-api,12243719,control
2026-08-03,opentelemetry-api,18892867,control
2026-08-04,opentelemetry-api,20288692,control
2026-08-05,opentelemetry-api,19837996,control
2026-08-06,opentelemetry-api,17510860,control
2026-08-07,opentelemetry-api,19451707,control
2026-08-08,opentelemetry-api,12438649,control
2026-08-09,opentelemetry-api,11822042,control
2026-08-10,opentelemetry-api,18618680,control
2026-08-11,opentelemetry-api,20109141,control
2026-08-12,opentelemetry-api,20151666,control
2026-08-13,opentelemetry-api,19628240,control
2026-02-14,newrelic,48742,control
2026-02-15,newrelic,49378,control
2026-02-16,newrelic,110116,control
2026-02-17,newrelic,122070,control
2026-02-18,newrelic,135896,control
2026-02-19,newrelic,134929,control
2026-02-20,newrelic,122177,control
2026-02-21,newrelic,51673,control
2026-02-22,newrelic,50379,control
2026-02-23,newrelic,131688,control
2026-02-24,newrelic,147392,control
2026-02-25,newrelic,156589,control
2026-02-26,newrelic,156140,control
2026-02-27,newrelic,131224,control
2026-02-28,newrelic,53711,control
2026-03-01,newrelic,57613,control
2026-03-02,newrelic,140304,control
2026-03-03,newrelic,138078,control
2026-03-04,newrelic,145551,control
2026-03-05,newrelic,144538,control
2026-03-06,newrelic,133505,control
2026-03-07,newrelic,58281,control
2026-03-08,newrelic,53999,control
2026-03-09,newrelic,149628,control
2026-03-10,newrelic,170340,control
2026-03-11,newrelic,161800,control
2026-03-12,newrelic,165774,control
2026-03-13,newrelic,140852,control
2026-03-14,newrelic,60808,control
2026-03-15,newrelic,57111,control
2026-03-16,newrelic,155401,control
2026-03-17,newrelic,163553,control
2026-03-18,newrelic,175254,control
2026-03-19,newrelic,150740,control
2026-03-20,newrelic,127765,control
2026-03-21,newrelic,53284,control
2026-03-22,newrelic,56573,control
2026-03-23,newrelic,150530,control
2026-03-24,newrelic,157992,control
2026-03-25,newrelic,151342,control
2026-03-26,newrelic,160729,control
2026-03-27,newrelic,140700,control
2026-03-28,newrelic,52590,control
2026-03-29,newrelic,52921,control
2026-03-30,newrelic,152632,control
2026-03-31,newrelic,162906,control
2026-04-01,newrelic,164550,control
2026-04-02,newrelic,148908,control
2026-04-03,newrelic,103319,control
2026-04-04,newrelic,50612,control
2026-04-05,newrelic,54314,control
2026-04-06,newrelic,129820,control
2026-04-07,newrelic,154179,control
2026-04-08,newrelic,159854,control
2026-04-09,newrelic,164429,control
2026-04-10,newrelic,143751,control
2026-04-11,newrelic,56225,control
2026-04-12,newrelic,56173,control
2026-04-13,newrelic,154719,control
2026-04-14,newrelic,162004,control
2026-04-15,newrelic,171690,control
2026-04-16,newrelic,167298,control
2026-04-17,newrelic,146843,control
2026-04-18,newrelic,67553,control
2026-04-19,newrelic,64430,control
2026-04-20,newrelic,157313,control
2026-04-21,newrelic,161223,control
2026-04-22,newrelic,169882,control
2026-04-23,newrelic,166236,control
2026-04-24,newrelic,149310,control
2026-04-25,newrelic,59883,control
2026-04-26,newrelic,66237,control
2026-04-27,newrelic,162804,control
2026-04-28,newrelic,172819,control
2026-04-29,newrelic,176582,control
2026-04-30,newrelic,164270,control
2026-05-01,newrelic,104840,control
2026-05-02,newrelic,54826,control
2026-05-03,newrelic,56408,control
2026-05-04,newrelic,139495,control
2026-05-05,newrelic,160892,control
2026-05-06,newrelic,161162,control
2026-05-07,newrelic,190876,control
2026-05-08,newrelic,148041,control
2026-05-09,newrelic,61671,control
2026-05-10,newrelic,58272,control
2026-05-11,newrelic,168250,control
2026-05-12,newrelic,179317,control
2026-05-13,newrelic,177413,control
2026-05-14,newrelic,169695,control
2026-05-15,newrelic,151132,control
2026-05-16,newrelic,63299,control
2026-05-17,newrelic,59164,control
2026-05-18,newrelic,162040,control
2026-05-19,newrelic,181116,control
2026-05-20,newrelic,175792,control
2026-05-21,newrelic,171244,control
2026-05-22,newrelic,150951,control
2026-05-23,newrelic,65251,control
2026-05-24,newrelic,65140,control
2026-05-25,newrelic,117612,control
2026-05-26,newrelic,162382,control
2026-05-27,newrelic,167127,control
2026-05-28,newrelic,165628,control
2026-05-29,newrelic,148831,control
2026-05-30,newrelic,64307,control
2026-05-31,newrelic,62372,control
2026-06-01,newrelic,161262,control
2026-06-02,newrelic,173210,control
2026-06-03,newrelic,177131,control
2026-06-04,newrelic,169601,control
2026-06-05,newrelic,149146,control
2026-06-06,newrelic,62568,control
2026-06-07,newrelic,64555,control
2026-06-08,newrelic,173861,control
2026-06-09,newrelic,187440,control
2026-06-10,newrelic,192155,control
2026-06-11,newrelic,195758,control
2026-06-12,newrelic,172564,control
2026-06-13,newrelic,71080,control
2026-06-14,newrelic,65673,control
2026-06-15,newrelic,171275,control
2026-06-16,newrelic,183929,control
2026-06-17,newrelic,181390,control
2026-06-18,newrelic,176651,control
2026-06-19,newrelic,137029,control
2026-06-20,newrelic,71927,control
2026-06-21,newrelic,66084,control
2026-06-22,newrelic,167239,control
2026-06-23,newrelic,187544,control
2026-06-24,newrelic,175739,control
2026-06-25,newrelic,177460,control
2026-06-26,newrelic,157909,control
2026-06-27,newrelic,67117,control
2026-06-28,newrelic,63233,control
2026-06-29,newrelic,160383,control
2026-06-30,newrelic,176443,control
2026-07-01,newrelic,176343,control
2026-07-02,newrelic,167263,control
2026-07-03,newrelic,125094,control
2026-07-04,newrelic,62543,control
2026-07-05,newrelic,60287,control
2026-07-06,newrelic,166231,control
2026-07-07,newrelic,188214,control
2026-07-08,newrelic,175089,control
2026-07-09,newrelic,176870,control
2026-07-10,newrelic,159079,control
2026-07-11,newrelic,63317,control
2026-07-12,newrelic,63058,control
2026-07-13,newrelic,170551,control
2026-07-14,newrelic,175970,control
2026-07-15,newrelic,170186,control
2026-07-16,newrelic,198457,control
2026-07-17,newrelic,184380,control
2026-07-18,newrelic,91900,control
2026-07-19,newrelic,91060,control
2026-07-20,newrelic,182599,control
2026-07-21,newrelic,208653,control
2026-07-22,newrelic,210126,control
2026-07-23,newrelic,198953,control
2026-07-24,newrelic,179142,control
2026-07-25,newrelic,92289,control
2026-07-26,newrelic,84238,control
2026-07-27,newrelic,199071,control
2026-07-28,newrelic,197585,control
2026-07-29,newrelic,197166,control
2026-07-30,newrelic,189388,control
2026-07-31,newrelic,177371,control
2026-08-01,newrelic,92456,control
2026-08-02,newrelic,88293,control
2026-08-03,newrelic,181735,control
2026-08-04,newrelic,185110,control
2026-08-05,newrelic,213261,control
2026-08-06,newrelic,187612,control
2026-08-07,newrelic,192716,control
2026-08-08,newrelic,95954,control
2026-08-09,newrelic,91199,control
2026-08-10,newrelic,186871,control
2026-08-11,newrelic,205614,control
2026-08-12,newrelic,206572,control
2026-08-13,newrelic,183059,control
2026-02-14,elastic-apm,29569,control
2026-02-15,elastic-apm,27780,control
2026-02-16,elastic-apm,61720,control
2026-02-17,elastic-apm,60798,control
2026-02-18,elastic-apm,66905,control
2026-02-19,elastic-apm,67620,control
2026-02-20,elastic-apm,64531,control
2026-02-21,elastic-apm,29772,control
2026-02-22,elastic-apm,30189,control
2026-02-23,elastic-apm,70472,control
2026-02-24,elastic-apm,75472,control
2026-02-25,elastic-apm,70441,control
2026-02-26,elastic-apm,71554,control
2026-02-27,elastic-apm,64412,control
2026-02-28,elastic-apm,34476,control
2026-03-01,elastic-apm,37140,control
2026-03-02,elastic-apm,72194,control
2026-03-03,elastic-apm,75491,control
2026-03-04,elastic-apm,71614,control
2026-03-05,elastic-apm,71874,control
2026-03-06,elastic-apm,66374,control
2026-03-07,elastic-apm,35172,control
2026-03-08,elastic-apm,32068,control
2026-03-09,elastic-apm,64307,control
2026-03-10,elastic-apm,70063,control
2026-03-11,elastic-apm,72224,control
2026-03-12,elastic-apm,80307,control
2026-03-13,elastic-apm,71200,control
2026-03-14,elastic-apm,36919,control
2026-03-15,elastic-apm,36751,control
2026-03-16,elastic-apm,76944,control
2026-03-17,elastic-apm,75552,control
2026-03-18,elastic-apm,79147,control
2026-03-19,elastic-apm,79722,control
2026-03-20,elastic-apm,71895,control
2026-03-21,elastic-apm,25135,control
2026-03-22,elastic-apm,25955,control
2026-03-23,elastic-apm,67089,control
2026-03-24,elastic-apm,73140,control
2026-03-25,elastic-apm,66121,control
2026-03-26,elastic-apm,77501,control
2026-03-27,elastic-apm,67110,control
2026-03-28,elastic-apm,28395,control
2026-03-29,elastic-apm,23670,control
2026-03-30,elastic-apm,73123,control
2026-03-31,elastic-apm,74766,control
2026-04-01,elastic-apm,72817,control
2026-04-02,elastic-apm,68165,control
2026-04-03,elastic-apm,45552,control
2026-04-04,elastic-apm,24594,control
2026-04-05,elastic-apm,23930,control
2026-04-06,elastic-apm,58317,control
2026-04-07,elastic-apm,71160,control
2026-04-08,elastic-apm,78010,control
2026-04-09,elastic-apm,74473,control
2026-04-10,elastic-apm,60695,control
2026-04-11,elastic-apm,27188,control
2026-04-12,elastic-apm,26875,control
2026-04-13,elastic-apm,65393,control
2026-04-14,elastic-apm,72351,control
2026-04-15,elastic-apm,66516,control
2026-04-16,elastic-apm,70236,control
2026-04-17,elastic-apm,68558,control
2026-04-18,elastic-apm,27838,control
2026-04-19,elastic-apm,33098,control
2026-04-20,elastic-apm,77792,control
2026-04-21,elastic-apm,66533,control
2026-04-22,elastic-apm,69146,control
2026-04-23,elastic-apm,64888,control
2026-04-24,elastic-apm,57354,control
2026-04-25,elastic-apm,21488,control
2026-04-26,elastic-apm,22680,control
2026-04-27,elastic-apm,66127,control
2026-04-28,elastic-apm,68742,control
2026-04-29,elastic-apm,64411,control
2026-04-30,elastic-apm,63998,control
2026-05-01,elastic-apm,40297,control
2026-05-02,elastic-apm,27286,control
2026-05-03,elastic-apm,23584,control
2026-05-04,elastic-apm,62550,control
2026-05-05,elastic-apm,60156,control
2026-05-06,elastic-apm,62856,control
2026-05-07,elastic-apm,61146,control
2026-05-08,elastic-apm,54688,control
2026-05-09,elastic-apm,20662,control
2026-05-10,elastic-apm,21740,control
2026-05-11,elastic-apm,64716,control
2026-05-12,elastic-apm,64871,control
2026-05-13,elastic-apm,66175,control
2026-05-14,elastic-apm,61899,control
2026-05-15,elastic-apm,51792,control
2026-05-16,elastic-apm,26820,control
2026-05-17,elastic-apm,29985,control
2026-05-18,elastic-apm,76711,control
2026-05-19,elastic-apm,71506,control
2026-05-20,elastic-apm,70718,control
2026-05-21,elastic-apm,80168,control
2026-05-22,elastic-apm,68756,control
2026-05-23,elastic-apm,32593,control
2026-05-24,elastic-apm,34422,control
2026-05-25,elastic-apm,61836,control
2026-05-26,elastic-apm,68588,control
2026-05-27,elastic-apm,65618,control
2026-05-28,elastic-apm,70115,control
2026-05-29,elastic-apm,65407,control
2026-05-30,elastic-apm,36367,control
2026-05-31,elastic-apm,29850,control
2026-06-01,elastic-apm,66159,control
2026-06-02,elastic-apm,72204,control
2026-06-03,elastic-apm,76484,control
2026-06-04,elastic-apm,74557,control
2026-06-05,elastic-apm,65672,control
2026-06-06,elastic-apm,38343,control
2026-06-07,elastic-apm,35604,control
2026-06-08,elastic-apm,85187,control
2026-06-09,elastic-apm,96281,control
2026-06-10,elastic-apm,92438,control
2026-06-11,elastic-apm,94806,control
2026-06-12,elastic-apm,64815,control
2026-06-13,elastic-apm,27407,control
2026-06-14,elastic-apm,33456,control
2026-06-15,elastic-apm,70990,control
2026-06-16,elastic-apm,70877,control
2026-06-17,elastic-apm,78971,control
2026-06-18,elastic-apm,73796,control
2026-06-19,elastic-apm,55418,control
2026-06-20,elastic-apm,25921,control
2026-06-21,elastic-apm,25430,control
2026-06-22,elastic-apm,72069,control
2026-06-23,elastic-apm,75797,control
2026-06-24,elastic-apm,82309,control
2026-06-25,elastic-apm,76529,control
2026-06-26,elastic-apm,64288,control
2026-06-27,elastic-apm,23875,control
2026-06-28,elastic-apm,23031,control
2026-06-29,elastic-apm,67076,control
2026-06-30,elastic-apm,74027,control
2026-07-01,elastic-apm,68241,control
2026-07-02,elastic-apm,66891,control
2026-07-03,elastic-apm,55921,control
2026-07-04,elastic-apm,25714,control
2026-07-05,elastic-apm,23304,control
2026-07-06,elastic-apm,63044,control
2026-07-07,elastic-apm,65388,control
2026-07-08,elastic-apm,73443,control
2026-07-09,elastic-apm,73522,control
2026-07-10,elastic-apm,57951,control
2026-07-11,elastic-apm,24564,control
2026-07-12,elastic-apm,24705,control
2026-07-13,elastic-apm,78262,control
2026-07-14,elastic-apm,68027,control
2026-07-15,elastic-apm,70477,control
2026-07-16,elastic-apm,69327,control
2026-07-17,elastic-apm,55989,control
2026-07-18,elastic-apm,20122,control
2026-07-19,elastic-apm,20468,control
2026-07-20,elastic-apm,68323,control
2026-07-21,elastic-apm,66745,control
2026-07-22,elastic-apm,72543,control
2026-07-23,elastic-apm,71487,control
2026-07-24,elastic-apm,59903,control
2026-07-25,elastic-apm,22939,control
2026-07-26,elastic-apm,19291,control
2026-07-27,elastic-apm,73691,control
2026-07-28,elastic-apm,77793,control
2026-07-29,elastic-apm,62644,control
2026-07-30,elastic-apm,70019,control
2026-07-31,elastic-apm,63124,control
2026-08-01,elastic-apm,25682,control
2026-08-02,elastic-apm,25106,control
2026-08-03,elastic-apm,78378,control
2026-08-04,elastic-apm,70125,control
2026-08-05,elastic-apm,77360,control
2026-08-06,elastic-apm,62408,control
2026-08-07,elastic-apm,64353,control
2026-08-08,elastic-apm,28543,control
2026-08-09,elastic-apm,26025,control
2026-08-10,elastic-apm,79424,control
2026-08-11,elastic-apm,74884,control
2026-08-12,elastic-apm,77434,control
2026-08-13,elastic-apm,82778,control
2026-02-14,sentry-sdk,1672740,control
2026-02-15,sentry-sdk,1646580,control
2026-02-16,sentry-sdk,2844783,control
2026-02-17,sentry-sdk,3331412,control
2026-02-18,sentry-sdk,3435875,control
2026-02-19,sentry-sdk,3548809,control
2026-02-20,sentry-sdk,3310224,control
2026-02-21,sentry-sdk,1853185,control
2026-02-22,sentry-sdk,1828991,control
2026-02-23,sentry-sdk,3440627,control
2026-02-24,sentry-sdk,3731774,control
2026-02-25,sentry-sdk,3739345,control
2026-02-26,sentry-sdk,3968323,control
2026-02-27,sentry-sdk,3900828,control
2026-02-28,sentry-sdk,1784691,control
2026-03-01,sentry-sdk,1850115,control
2026-03-02,sentry-sdk,3722343,control
2026-03-03,sentry-sdk,3975201,control
2026-03-04,sentry-sdk,6593571,control
2026-03-05,sentry-sdk,8900903,control
2026-03-06,sentry-sdk,3697670,control
2026-03-07,sentry-sdk,2039587,control
2026-03-08,sentry-sdk,1900840,control
2026-03-09,sentry-sdk,4927328,control
2026-03-10,sentry-sdk,4020923,control
2026-03-11,sentry-sdk,4175362,control
2026-03-12,sentry-sdk,4312296,control
2026-03-13,sentry-sdk,3962027,control
2026-03-14,sentry-sdk,2562788,control
2026-03-15,sentry-sdk,2580112,control
2026-03-16,sentry-sdk,4432854,control
2026-03-17,sentry-sdk,4630115,control
2026-03-18,sentry-sdk,4584966,control
2026-03-19,sentry-sdk,4238086,control
2026-03-20,sentry-sdk,3711415,control
2026-03-21,sentry-sdk,2368309,control
2026-03-22,sentry-sdk,20776006,control
2026-03-23,sentry-sdk,4248126,control
2026-03-24,sentry-sdk,4440493,control
2026-03-25,sentry-sdk,4600677,control
2026-03-26,sentry-sdk,4176442,control
2026-03-27,sentry-sdk,3915760,control
2026-03-28,sentry-sdk,2035032,control
2026-03-29,sentry-sdk,1961029,control
2026-03-30,sentry-sdk,5966537,control
2026-03-31,sentry-sdk,4330558,control
2026-04-01,sentry-sdk,4382295,control
2026-04-02,sentry-sdk,4149918,control
2026-04-03,sentry-sdk,3285901,control
2026-04-04,sentry-sdk,1969164,control
2026-04-05,sentry-sdk,1998424,control
2026-04-06,sentry-sdk,3274638,control
2026-04-07,sentry-sdk,4102901,control
2026-04-08,sentry-sdk,4129255,control
2026-04-09,sentry-sdk,4374593,control
2026-04-10,sentry-sdk,4039755,control
2026-04-11,sentry-sdk,2247036,control
2026-04-12,sentry-sdk,2250794,control
2026-04-13,sentry-sdk,4577114,control
2026-04-14,sentry-sdk,4674856,control
2026-04-15,sentry-sdk,4666762,control
2026-04-16,sentry-sdk,4544994,control
2026-04-17,sentry-sdk,4235866,control
2026-04-18,sentry-sdk,2243492,control
2026-04-19,sentry-sdk,2173244,control
2026-04-20,sentry-sdk,4494179,control
2026-04-21,sentry-sdk,4494969,control
2026-04-22,sentry-sdk,4844498,control
2026-04-23,sentry-sdk,4871349,control
2026-04-24,sentry-sdk,4246056,control
2026-04-25,sentry-sdk,2474261,control
2026-04-26,sentry-sdk,2451263,control
2026-04-27,sentry-sdk,4545354,control
2026-04-28,sentry-sdk,4626228,control
2026-04-29,sentry-sdk,4869541,control
2026-04-30,sentry-sdk,4998947,control
2026-05-01,sentry-sdk,3487365,control
2026-05-02,sentry-sdk,2237683,control
2026-05-03,sentry-sdk,2307904,control
2026-05-04,sentry-sdk,4248268,control
2026-05-05,sentry-sdk,5068656,control
2026-05-06,sentry-sdk,4733034,control
2026-05-07,sentry-sdk,4705665,control
2026-05-08,sentry-sdk,4247200,control
2026-05-09,sentry-sdk,2567039,control
2026-05-10,sentry-sdk,2409724,control
2026-05-11,sentry-sdk,4872805,control
2026-05-12,sentry-sdk,5225659,control
2026-05-13,sentry-sdk,5177477,control
2026-05-14,sentry-sdk,4926801,control
2026-05-15,sentry-sdk,4589669,control
2026-05-16,sentry-sdk,2508442,control
2026-05-17,sentry-sdk,2670187,control
2026-05-18,sentry-sdk,4771932,control
2026-05-19,sentry-sdk,5300738,control
2026-05-20,sentry-sdk,5214511,control
2026-05-21,sentry-sdk,5115866,control
2026-05-22,sentry-sdk,4663389,control
2026-05-23,sentry-sdk,2753427,control
2026-05-24,sentry-sdk,2890162,control
2026-05-25,sentry-sdk,4045087,control
2026-05-26,sentry-sdk,4628790,control
2026-05-27,sentry-sdk,5078368,control
2026-05-28,sentry-sdk,5332438,control
2026-05-29,sentry-sdk,4923484,control
2026-05-30,sentry-sdk,2865725,control
2026-05-31,sentry-sdk,2639944,control
2026-06-01,sentry-sdk,5363323,control
2026-06-02,sentry-sdk,5764559,control
2026-06-03,sentry-sdk,5711411,control
2026-06-04,sentry-sdk,5581248,control
2026-06-05,sentry-sdk,5209870,control
2026-06-06,sentry-sdk,3156614,control
2026-06-07,sentry-sdk,3039016,control
2026-06-08,sentry-sdk,5542263,control
2026-06-09,sentry-sdk,5789330,control
2026-06-10,sentry-sdk,6351256,control
2026-06-11,sentry-sdk,5934841,control
2026-06-12,sentry-sdk,5298697,control
2026-06-13,sentry-sdk,3172657,control
2026-06-14,sentry-sdk,2981791,control
2026-06-15,sentry-sdk,5720581,control
2026-06-16,sentry-sdk,5923780,control
2026-06-17,sentry-sdk,6095714,control
2026-06-18,sentry-sdk,5429156,control
2026-06-19,sentry-sdk,4626791,control
2026-06-20,sentry-sdk,3103960,control
2026-06-21,sentry-sdk,3003215,control
2026-06-22,sentry-sdk,5977475,control
2026-06-23,sentry-sdk,5860298,control
2026-06-24,sentry-sdk,5644244,control
2026-06-25,sentry-sdk,5347713,control
2026-06-26,sentry-sdk,4773272,control
2026-06-27,sentry-sdk,2701459,control
2026-06-28,sentry-sdk,2696907,control
2026-06-29,sentry-sdk,5048411,control
2026-06-30,sentry-sdk,5558312,control
2026-07-01,sentry-sdk,5831637,control
2026-07-02,sentry-sdk,5655141,control
2026-07-03,sentry-sdk,4864489,control
2026-07-04,sentry-sdk,3012035,control
2026-07-05,sentry-sdk,2952701,control
2026-07-06,sentry-sdk,5285611,control
2026-07-07,sentry-sdk,5966209,control
2026-07-08,sentry-sdk,5639771,control
2026-07-09,sentry-sdk,5863644,control
2026-07-10,sentry-sdk,4992114,control
2026-07-11,sentry-sdk,3015706,control
2026-07-12,sentry-sdk,3013196,control
2026-07-13,sentry-sdk,5807880,control
2026-07-14,sentry-sdk,5975348,control
2026-07-15,sentry-sdk,6357506,control
2026-07-16,sentry-sdk,6868633,control
2026-07-17,sentry-sdk,6512668,control
2026-07-18,sentry-sdk,3680019,control
2026-07-19,sentry-sdk,3441922,control
2026-07-20,sentry-sdk,6227610,control
2026-07-21,sentry-sdk,6480617,control
2026-07-22,sentry-sdk,6485549,control
2026-07-23,sentry-sdk,6605544,control
2026-07-24,sentry-sdk,6041703,control
2026-07-25,sentry-sdk,3403826,control
2026-07-26,sentry-sdk,3339711,control
2026-07-27,sentry-sdk,6403733,control
2026-07-28,sentry-sdk,7058711,control
2026-07-29,sentry-sdk,7487052,control
2026-07-30,sentry-sdk,7451011,control
2026-07-31,sentry-sdk,6486150,control
2026-08-01,sentry-sdk,3829087,control
2026-08-02,sentry-sdk,3984804,control
2026-08-03,sentry-sdk,6840560,control
2026-08-04,sentry-sdk,7571797,control
2026-08-05,sentry-sdk,7420565,control
2026-08-06,sentry-sdk,6337464,control
2026-08-07,sentry-sdk,7078532,control
2026-08-08,sentry-sdk,4801993,control
2026-08-09,sentry-sdk,4516054,control
2026-08-10,sentry-sdk,7060902,control
2026-08-11,sentry-sdk,7402156,control
2026-08-12,sentry-sdk,7539359,control
2026-08-13,sentry-sdk,7256311,control
