target,candidate,window,role,feature,n_oos,rmse,rmse_base,rmse_ratio,mape_%,hit,hit_base,orthogonalised,vs_baseline
rev_yoy,dd_rel_plc,d30,candidate,dd_rel_plc_d30,13,0.032313684728855985,0.019969430552811713,1.618157545524311,8.979223110614514,0.5384615384615384,0.7692307692307693,False,guidance + auto-window beat
rev_yoy,dd_rel_plc,d30,control,ctrl_rel_plc_d30,13,0.04735205642584041,0.019969430552811713,2.3712271764891764,15.247581761490888,0.6153846153846154,0.7692307692307693,False,guidance + auto-window beat
rev_yoy,dd_rel_plc,d45,candidate,dd_rel_plc_d45,13,0.033337679499962365,0.019969430552811713,1.6694356612621781,9.142879186439194,0.3076923076923077,0.7692307692307693,False,guidance + auto-window beat
rev_yoy,dd_rel_plc,d45,control,ctrl_rel_plc_d45,13,0.050185843834593485,0.019969430552811713,2.513133446738534,15.89367346673353,0.6153846153846154,0.7692307692307693,False,guidance + auto-window beat
rev_yoy,dd_rel_plc,d60,candidate,dd_rel_plc_d60,13,0.033762589607870805,0.019969430552811713,1.690713689535679,9.241182843760253,0.3076923076923077,0.7692307692307693,False,guidance + auto-window beat
rev_yoy,dd_rel_plc,d60,control,ctrl_rel_plc_d60,13,0.05103302910552821,0.019969430552811713,2.555557554361144,15.874162051386175,0.6153846153846154,0.7692307692307693,False,guidance + auto-window beat
rev_yoy,dd_rel_plc,full,candidate,dd_rel_plc_full,13,0.03465906532114196,0.019969430552811713,1.7356060919955445,10.33465810373684,0.46153846153846156,0.7692307692307693,False,guidance + auto-window beat
rev_yoy,dd_rel_plc,full,control,ctrl_rel_plc_full,13,0.05488118015710495,0.019969430552811713,2.7482596467618166,16.53436279697234,0.6923076923076923,0.7692307692307693,False,guidance + auto-window beat
rev_yoy,dd_rel,d30,candidate,dd_rel_d30,13,0.04202194987238088,0.019969430552811713,2.104313879218962,12.279672446116068,0.5384615384615384,0.7692307692307693,False,guidance + auto-window beat
rev_yoy,dd_rel,d30,control,plc_rel_d30,13,0.04735205642584041,0.019969430552811713,2.3712271764891764,15.247581761490888,0.6153846153846154,0.7692307692307693,False,guidance + auto-window beat
rev_yoy,dd_rel,d45,candidate,dd_rel_d45,13,0.04238486995221573,0.019969430552811713,2.122487661334334,12.940408390140146,0.5384615384615384,0.7692307692307693,False,guidance + auto-window beat
rev_yoy,dd_rel,d45,control,plc_rel_d45,13,0.050185843834593485,0.019969430552811713,2.513133446738534,15.89367346673353,0.6153846153846154,0.7692307692307693,False,guidance + auto-window beat
rev_yoy,dd_rel,d60,candidate,dd_rel_d60,13,0.04567606646826856,0.019969430552811713,2.2872993973199365,14.156045542528528,0.5384615384615384,0.7692307692307693,False,guidance + auto-window beat
rev_yoy,dd_rel,d60,control,plc_rel_d60,13,0.05103302910552821,0.019969430552811713,2.555557554361144,15.874162051386175,0.6153846153846154,0.7692307692307693,False,guidance + auto-window beat
rev_yoy,dd_rel,full,candidate,dd_rel_full,13,0.05295308294849122,0.019969430552811713,2.6517072085981632,15.628948173660032,0.5384615384615384,0.7692307692307693,False,guidance + auto-window beat
rev_yoy,dd_rel,full,control,plc_rel_full,13,0.05488118015710495,0.019969430552811713,2.7482596467618166,16.53436279697234,0.6923076923076923,0.7692307692307693,False,guidance + auto-window beat
rev_yoy,dd_abs,d30,candidate,dd_abs_d30,13,0.0226953702876659,0.019969430552811713,1.1365056318278626,7.244413198362838,0.5384615384615384,0.7692307692307693,False,guidance + auto-window beat
rev_yoy,dd_abs,d30,control,plc_abs_d30,13,0.03950526686323294,0.019969430552811713,1.978287100313462,12.347770174672885,0.6153846153846154,0.7692307692307693,False,guidance + auto-window beat
rev_yoy,dd_abs,d45,candidate,dd_abs_d45,13,0.026600012797835703,0.019969430552811713,1.332036621048786,8.555614720383685,0.5384615384615384,0.7692307692307693,False,guidance + auto-window beat
rev_yoy,dd_abs,d45,control,plc_abs_d45,13,0.0396939306634637,0.019969430552811713,1.9877347307670103,12.661226077184528,0.6153846153846154,0.7692307692307693,False,guidance + auto-window beat
rev_yoy,dd_abs,d60,candidate,dd_abs_d60,13,0.02768354922267353,0.019969430552811713,1.3862963768276138,9.27579514927483,0.5384615384615384,0.7692307692307693,False,guidance + auto-window beat
rev_yoy,dd_abs,d60,control,plc_abs_d60,13,0.04052683391114896,0.019969430552811713,2.0294436440724017,12.691461051659084,0.6153846153846154,0.7692307692307693,False,guidance + auto-window beat
rev_yoy,dd_abs,full,candidate,dd_abs_full,13,0.03016538895163214,0.019969430552811713,1.5105783247977909,9.907941477308661,0.5384615384615384,0.7692307692307693,False,guidance + auto-window beat
rev_yoy,dd_abs,full,control,plc_abs_full,13,0.04228328489362066,0.019969430552811713,2.1174006330224144,12.911303057587942,0.6153846153846154,0.7692307692307693,False,guidance + auto-window beat
beat_vs_guide,dd_rel_plc,d30,candidate,dd_rel_plc_d30,14,0.016194636811065886,0.011874735244577425,1.3637892952991213,38.0062129950702,0.35714285714285715,0.0,False,random walk
beat_vs_guide,dd_rel_plc,d30,control,ctrl_rel_plc_d30,14,0.018937687136900885,0.011874735244577425,1.5947881571127023,44.33830263650114,0.2857142857142857,0.0,False,random walk
beat_vs_guide,dd_rel_plc,d45,candidate,dd_rel_plc_d45,14,0.01615576746132565,0.011874735244577425,1.3605160139215018,38.22819753351326,0.35714285714285715,0.0,False,random walk
beat_vs_guide,dd_rel_plc,d45,control,ctrl_rel_plc_d45,14,0.01877888347888796,0.011874735244577425,1.5814149193316374,43.29731607315735,0.2857142857142857,0.0,False,random walk
beat_vs_guide,dd_rel_plc,d60,candidate,dd_rel_plc_d60,14,0.016092708575543714,0.011874735244577425,1.3552056735658522,38.188579962181045,0.35714285714285715,0.0,False,random walk
beat_vs_guide,dd_rel_plc,d60,control,ctrl_rel_plc_d60,14,0.018166386857042884,0.011874735244577425,1.5298351064575129,41.74902009433957,0.2857142857142857,0.0,False,random walk
beat_vs_guide,dd_rel_plc,full,candidate,dd_rel_plc_full,14,0.016458090086113746,0.011874735244577425,1.3859753288924317,39.377238514215854,0.35714285714285715,0.0,False,random walk
beat_vs_guide,dd_rel_plc,full,control,ctrl_rel_plc_full,14,0.017498998330124374,0.011874735244577425,1.4736327143053785,39.060421265432794,0.35714285714285715,0.0,False,random walk
beat_vs_guide,dd_rel,d30,candidate,dd_rel_d30,14,0.01599911486035654,0.011874735244577425,1.3473239218249102,38.96025117762411,0.6428571428571429,0.0,False,random walk
beat_vs_guide,dd_rel,d30,control,plc_rel_d30,14,0.018937687136900885,0.011874735244577425,1.5947881571127023,44.33830263650114,0.2857142857142857,0.0,False,random walk
beat_vs_guide,dd_rel,d45,candidate,dd_rel_d45,14,0.015373413380621023,0.011874735244577425,1.2946320961253652,36.25157399192206,0.6428571428571429,0.0,False,random walk
beat_vs_guide,dd_rel,d45,control,plc_rel_d45,14,0.01877888347888796,0.011874735244577425,1.5814149193316374,43.29731607315735,0.2857142857142857,0.0,False,random walk
beat_vs_guide,dd_rel,d60,candidate,dd_rel_d60,14,0.01488888433816252,0.011874735244577425,1.2538287407259459,36.33130657952271,0.6428571428571429,0.0,False,random walk
beat_vs_guide,dd_rel,d60,control,plc_rel_d60,14,0.018166386857042884,0.011874735244577425,1.5298351064575129,41.74902009433957,0.2857142857142857,0.0,False,random walk
beat_vs_guide,dd_rel,full,candidate,dd_rel_full,14,0.015368085733204544,0.011874735244577425,1.2941834421295708,38.41348524085132,0.6428571428571429,0.0,False,random walk
beat_vs_guide,dd_rel,full,control,plc_rel_full,14,0.017498998330124374,0.011874735244577425,1.4736327143053785,39.060421265432794,0.35714285714285715,0.0,False,random walk
beat_vs_guide,dd_abs,d30,candidate,dd_abs_d30,14,0.013124848236813256,0.011874735244577425,1.1052750201573287,30.7358787075321,0.5714285714285714,0.0,False,random walk
beat_vs_guide,dd_abs,d30,control,plc_abs_d30,14,0.018998684866915014,0.011874735244577425,1.5999249225864405,39.35715012741312,0.5,0.0,False,random walk
beat_vs_guide,dd_abs,d45,candidate,dd_abs_d45,14,0.013158489779431978,0.011874735244577425,1.1081080553303937,30.684726867466633,0.5714285714285714,0.0,False,random walk
beat_vs_guide,dd_abs,d45,control,plc_abs_d45,14,0.019241674523030015,0.011874735244577425,1.620387665637993,38.58840723144028,0.6428571428571429,0.0,False,random walk
beat_vs_guide,dd_abs,d60,candidate,dd_abs_d60,14,0.01276705164955822,0.011874735244577425,1.075144109456105,30.828299316721054,0.5714285714285714,0.0,False,random walk
beat_vs_guide,dd_abs,d60,control,plc_abs_d60,14,0.01883960791333173,0.011874735244577425,1.5865286699284349,37.38581093070047,0.6428571428571429,0.0,False,random walk
beat_vs_guide,dd_abs,full,candidate,dd_abs_full,14,0.013161366588412356,0.011874735244577425,1.1083503183300418,31.92263632797931,0.5714285714285714,0.0,False,random walk
beat_vs_guide,dd_abs,full,control,plc_abs_full,14,0.016435237163464376,0.011874735244577425,1.3840508293411842,34.17308167115379,0.7142857142857143,0.0,False,random walk
rev_yoy,dd_rel_plc,d30,candidate,dd_rel_plc_d30,13,0.03052436386561707,0.019969430552811713,1.5285545466552732,7.479126531371809,0.38461538461538464,0.7692307692307693,True,guidance + auto-window beat
rev_yoy,dd_rel_plc,d30,control,ctrl_rel_plc_d30,13,0.048743259714818715,0.019969430552811713,2.4408938244839247,15.735129353280866,0.6153846153846154,0.7692307692307693,True,guidance + auto-window beat
rev_yoy,dd_rel_plc,d45,candidate,dd_rel_plc_d45,13,0.030745720786328517,0.019969430552811713,1.5396393354841804,7.5724986042908,0.3076923076923077,0.7692307692307693,True,guidance + auto-window beat
rev_yoy,dd_rel_plc,d45,control,ctrl_rel_plc_d45,13,0.052082799575931524,0.019969430552811713,2.608126427951558,16.6060132157722,0.6153846153846154,0.7692307692307693,True,guidance + auto-window beat
rev_yoy,dd_rel_plc,d60,candidate,dd_rel_plc_d60,13,0.03105042356651627,0.019969430552811713,1.5548977966296762,7.788384428555382,0.3076923076923077,0.7692307692307693,True,guidance + auto-window beat
rev_yoy,dd_rel_plc,d60,control,ctrl_rel_plc_d60,13,0.05253187710086875,0.019969430552811713,2.630614676865296,16.447966716040366,0.6153846153846154,0.7692307692307693,True,guidance + auto-window beat
rev_yoy,dd_rel_plc,full,candidate,dd_rel_plc_full,13,0.03102676313040214,0.019969430552811713,1.5537129638398,8.186780874415541,0.3076923076923077,0.7692307692307693,True,guidance + auto-window beat
rev_yoy,dd_rel_plc,full,control,ctrl_rel_plc_full,13,0.05686436755844738,0.019969430552811713,2.847570811198761,17.179036859650775,0.6153846153846154,0.7692307692307693,True,guidance + auto-window beat
rev_yoy,dd_rel,d30,candidate,dd_rel_d30,13,0.041342753270459345,0.019969430552811713,2.070302063001904,13.111466544112108,0.46153846153846156,0.7692307692307693,True,guidance + auto-window beat
rev_yoy,dd_rel,d30,control,plc_rel_d30,13,0.048743259714818715,0.019969430552811713,2.4408938244839247,15.735129353280866,0.6153846153846154,0.7692307692307693,True,guidance + auto-window beat
rev_yoy,dd_rel,d45,candidate,dd_rel_d45,13,0.043573443314688515,0.019969430552811713,2.1820073035859973,13.639032759035091,0.46153846153846156,0.7692307692307693,True,guidance + auto-window beat
rev_yoy,dd_rel,d45,control,plc_rel_d45,13,0.052082799575931524,0.019969430552811713,2.608126427951558,16.6060132157722,0.6153846153846154,0.7692307692307693,True,guidance + auto-window beat
rev_yoy,dd_rel,d60,candidate,dd_rel_d60,13,0.04594766949892746,0.019969430552811713,2.3009003375140304,14.70442440146612,0.46153846153846156,0.7692307692307693,True,guidance + auto-window beat
rev_yoy,dd_rel,d60,control,plc_rel_d60,13,0.05253187710086875,0.019969430552811713,2.630614676865296,16.447966716040366,0.6153846153846154,0.7692307692307693,True,guidance + auto-window beat
rev_yoy,dd_rel,full,candidate,dd_rel_full,13,0.05313212984023217,0.019969430552811713,2.660673257543196,16.109702759295292,0.46153846153846156,0.7692307692307693,True,guidance + auto-window beat
rev_yoy,dd_rel,full,control,plc_rel_full,13,0.05686436755844738,0.019969430552811713,2.847570811198761,17.179036859650775,0.6153846153846154,0.7692307692307693,True,guidance + auto-window beat
rev_yoy,dd_abs,d30,candidate,dd_abs_d30,13,0.029750839317069847,0.019969430552811713,1.4898191131885283,7.205193384792569,0.38461538461538464,0.7692307692307693,True,guidance + auto-window beat
rev_yoy,dd_abs,d30,control,plc_abs_d30,13,0.034783819561699826,0.019969430552811713,1.7418533527888824,9.548880158164373,0.46153846153846156,0.7692307692307693,True,guidance + auto-window beat
rev_yoy,dd_abs,d45,candidate,dd_abs_d45,13,0.030189297662354172,0.019969430552811713,1.5117755903211518,7.335798396306258,0.38461538461538464,0.7692307692307693,True,guidance + auto-window beat
rev_yoy,dd_abs,d45,control,plc_abs_d45,13,0.038931555211958395,0.019969430552811713,1.9495576055110293,10.645053584209524,0.46153846153846156,0.7692307692307693,True,guidance + auto-window beat
rev_yoy,dd_abs,d60,candidate,dd_abs_d60,13,0.029407860402422024,0.019969430552811713,1.4726439156414188,7.477713505537552,0.38461538461538464,0.7692307692307693,True,guidance + auto-window beat
rev_yoy,dd_abs,d60,control,plc_abs_d60,13,0.03754820861441925,0.019969430552811713,1.8802843934441802,10.546775078713221,0.46153846153846156,0.7692307692307693,True,guidance + auto-window beat
rev_yoy,dd_abs,full,candidate,dd_abs_full,13,0.02880706878434531,0.019969430552811713,1.4425583497817493,7.7344485000100685,0.46153846153846156,0.7692307692307693,True,guidance + auto-window beat
rev_yoy,dd_abs,full,control,plc_abs_full,13,0.03630624075808004,0.019969430552811713,1.818090939652162,10.416820262871473,0.46153846153846156,0.7692307692307693,True,guidance + auto-window beat
beat_vs_guide,dd_rel_plc,d30,candidate,dd_rel_plc_d30,14,0.01826429548458011,0.011874735244577425,1.5380802273398444,45.53997351150756,0.35714285714285715,0.0,True,random walk
beat_vs_guide,dd_rel_plc,d30,control,ctrl_rel_plc_d30,14,0.02037127290114444,0.011874735244577425,1.7155138604413889,48.5670936292837,0.2857142857142857,0.0,True,random walk
beat_vs_guide,dd_rel_plc,d45,candidate,dd_rel_plc_d45,14,0.0183337632329288,0.011874735244577425,1.5439302734181697,45.75038411921057,0.35714285714285715,0.0,True,random walk
beat_vs_guide,dd_rel_plc,d45,control,ctrl_rel_plc_d45,14,0.020436169618376267,0.011874735244577425,1.7209789690013009,48.20598208271521,0.2857142857142857,0.0,True,random walk
beat_vs_guide,dd_rel_plc,d60,candidate,dd_rel_plc_d60,14,0.018307531679015908,0.011874735244577425,1.5417212512065064,45.722676349324196,0.35714285714285715,0.0,True,random walk
beat_vs_guide,dd_rel_plc,d60,control,ctrl_rel_plc_d60,14,0.019627147724547628,0.011874735244577425,1.6528492905566317,46.50784617962575,0.2857142857142857,0.0,True,random walk
beat_vs_guide,dd_rel_plc,full,candidate,dd_rel_plc_full,14,0.018291443375085956,0.011874735244577425,1.540366416458734,46.01117778860823,0.35714285714285715,0.0,True,random walk
beat_vs_guide,dd_rel_plc,full,control,ctrl_rel_plc_full,14,0.019101411603340574,0.011874735244577425,1.6085757880002585,44.64913948955718,0.2857142857142857,0.0,True,random walk
beat_vs_guide,dd_rel,d30,candidate,dd_rel_d30,14,0.02241274352277379,0.011874735244577425,1.8874310088731052,53.344265295582275,0.2857142857142857,0.0,True,random walk
beat_vs_guide,dd_rel,d30,control,plc_rel_d30,14,0.02037127290114444,0.011874735244577425,1.7155138604413889,48.5670936292837,0.2857142857142857,0.0,True,random walk
beat_vs_guide,dd_rel,d45,candidate,dd_rel_d45,14,0.022103799069576196,0.011874735244577425,1.8614140538139452,51.897103479530614,0.2857142857142857,0.0,True,random walk
beat_vs_guide,dd_rel,d45,control,plc_rel_d45,14,0.020436169618376267,0.011874735244577425,1.7209789690013009,48.20598208271521,0.2857142857142857,0.0,True,random walk
beat_vs_guide,dd_rel,d60,candidate,dd_rel_d60,14,0.020800958607584442,0.011874735244577425,1.7516987266796673,48.2339545939645,0.42857142857142855,0.0,True,random walk
beat_vs_guide,dd_rel,d60,control,plc_rel_d60,14,0.019627147724547628,0.011874735244577425,1.6528492905566317,46.50784617962575,0.2857142857142857,0.0,True,random walk
beat_vs_guide,dd_rel,full,candidate,dd_rel_full,14,0.019821390005844795,0.011874735244577425,1.669206899993513,45.90329615083056,0.42857142857142855,0.0,True,random walk
beat_vs_guide,dd_rel,full,control,plc_rel_full,14,0.019101411603340574,0.011874735244577425,1.6085757880002585,44.64913948955718,0.2857142857142857,0.0,True,random walk
beat_vs_guide,dd_abs,d30,candidate,dd_abs_d30,14,0.016751281568367988,0.011874735244577425,1.41066568840071,42.13789542054908,0.2857142857142857,0.0,True,random walk
beat_vs_guide,dd_abs,d30,control,plc_abs_d30,14,0.019990277476752222,0.011874735244577425,1.6834293198983736,49.65818489384588,0.35714285714285715,0.0,True,random walk
beat_vs_guide,dd_abs,d45,candidate,dd_abs_d45,14,0.0165904011978057,0.011874735244577425,1.3971175656637629,41.63066653862155,0.2857142857142857,0.0,True,random walk
beat_vs_guide,dd_abs,d45,control,plc_abs_d45,14,0.02022914992051124,0.011874735244577425,1.7035453426002773,50.12288007618878,0.35714285714285715,0.0,True,random walk
beat_vs_guide,dd_abs,d60,candidate,dd_abs_d60,14,0.016061956722528893,0.011874735244577425,1.3526159861007052,40.32895281102793,0.2857142857142857,0.0,True,random walk
beat_vs_guide,dd_abs,d60,control,plc_abs_d60,14,0.019547760759789555,0.011874735244577425,1.6461639234201877,48.57097417030167,0.35714285714285715,0.0,True,random walk
beat_vs_guide,dd_abs,full,candidate,dd_abs_full,14,0.015708585585338223,0.011874735244577425,1.3228577531875094,39.63147369858559,0.2857142857142857,0.0,True,random walk
beat_vs_guide,dd_abs,full,control,plc_abs_full,14,0.01591319963449656,0.011874735244577425,1.3400887941281294,40.2566890824536,0.2857142857142857,0.0,True,random walk
