guided_quarter,issued_on,guide_low_musd,guide_high_musd,guide_mid,anchor_found,independent_amounts_musd,machine_verified,needs_manual_check,accession,url,verified
2019Q4,2019-11-12,101.0,103.0,102.0,Fourth Quarter 2019 Outlook,"[101.0, 103.0, 350.0, 352.0]",agree,False,0001564590-19-042935,https://www.sec.gov/Archives/edgar/data/1561550/000156459019042935/0001564590-19-042935-index.htm,
2020Q1,2020-02-13,117.0,119.0,118.0,First Quarter 2020 Outlook,"[117.0, 119.0, 535.0, 545.0]",agree,False,0001564590-20-004607,https://www.sec.gov/Archives/edgar/data/1561550/000156459020004607/0001564590-20-004607-index.htm,
2020Q2,2020-05-11,134.0,136.0,135.0,Second Quarter 2020 Outlook,"[134.0, 136.0, 1.0, 0.01, 555.0, 565.0]",agree,False,0001564590-20-024231,https://www.sec.gov/Archives/edgar/data/1561550/000156459020024231/0001564590-20-024231-index.htm,
2020Q3,2020-08-06,143.0,145.0,144.0,Third Quarter 2020 Outlook,"[143.0, 145.0, 1.0, 0.01, 566.0, 572.0]",agree,False,0001564590-20-037808,https://www.sec.gov/Archives/edgar/data/1561550/000156459020037808/0001564590-20-037808-index.htm,
2020Q4,2020-11-10,162.0,164.0,163.0,Fourth Quarter 2020 Outlook,"[162.0, 164.0, 3.0, 5.0, 0.02, 588.0]",agree,False,0001564590-20-052986,https://www.sec.gov/Archives/edgar/data/1561550/000156459020052986/0001564590-20-052986-index.htm,
2021Q1,2021-02-11,185.0,187.0,186.0,First Quarter 2021 Outlook,"[185.0, 187.0, 8.0, 10.0, 0.03, 825.0]",agree,False,0001564590-21-005553,https://www.sec.gov/Archives/edgar/data/1561550/000156459021005553/0001564590-21-005553-index.htm,
2021Q2,2021-05-06,211.0,213.0,212.0,Second Quarter 2021 Outlook,"[211.0, 213.0, 9.0, 11.0, 0.04, 880.0]",agree,False,0001561550-21-000004,https://www.sec.gov/Archives/edgar/data/1561550/000156155021000004/0001561550-21-000004-index.htm,
2021Q3,2021-08-05,246.0,248.0,247.0,Third Quarter 2021 Outlook,"[246.0, 248.0, 18.0, 20.0, 0.06, 938.0]",agree,True,0001561550-21-000015,https://www.sec.gov/Archives/edgar/data/1561550/000156155021000015/0001561550-21-000015-index.htm,
2021Q4,2021-11-04,290.0,292.0,291.0,Fourth Quarter 2021 Outlook,"[290.0, 292.0, 38.0, 40.0, 0.12, 993.0]",agree,False,0001561550-21-000024,https://www.sec.gov/Archives/edgar/data/1561550/000156155021000024/0001561550-21-000024-index.htm,
2022Q1,2022-02-10,334.0,339.0,336.5,First Quarter 2022 Outlook,"[334.0, 339.0, 36.0, 41.0, 120.0, 1510.0]",agree,False,0001561550-22-000004,https://www.sec.gov/Archives/edgar/data/1561550/000156155022000004/0001561550-22-000004-index.htm,
2022Q2,2022-05-05,376.0,380.0,378.0,Second Quarter 2022 Outlook,"[376.0, 380.0, 49.0, 53.0, 150.0, 1600.0]",agree,False,0001561550-22-000023,https://www.sec.gov/Archives/edgar/data/1561550/000156155022000023/0001561550-22-000023-index.htm,
2022Q3,2022-08-04,410.0,414.0,412.0,Third Quarter 2022 Outlook,"[410.0, 414.0, 51.0, 55.0, 170.0, 1610.0]",agree,True,0001561550-22-000033,https://www.sec.gov/Archives/edgar/data/1561550/000156155022000033/0001561550-22-000033-index.htm,
2022Q4,2022-11-03,445.0,449.0,447.0,Fourth Quarter 2022 Outlook,"[445.0, 449.0, 56.0, 60.0, 200.0, 1650.0]",agree,True,0001561550-22-000043,https://www.sec.gov/Archives/edgar/data/1561550/000156155022000043/0001561550-22-000043-index.htm,
2023Q1,2023-02-16,466.0,470.0,468.0,First Quarter 2023 Outlook,"[466.0, 470.0, 68.0, 72.0, 240.0, 2070.0]",agree,True,0001561550-23-000003,https://www.sec.gov/Archives/edgar/data/1561550/000156155023000003/0001561550-23-000003-index.htm,
2023Q2,2023-05-04,498.0,502.0,500.0,Second Quarter 2023 Outlook,"[498.0, 502.0, 82.0, 86.0, 290.0, 2080.0]",agree,False,0001561550-23-000020,https://www.sec.gov/Archives/edgar/data/1561550/000156155023000020/0001561550-23-000020-index.htm,
2023Q3,2023-08-08,521.0,525.0,523.0,Third Quarter 2023 Outlook,"[521.0, 525.0, 98.0, 102.0, 350.0, 2050.0]",agree,False,0001561550-23-000035,https://www.sec.gov/Archives/edgar/data/1561550/000156155023000035/0001561550-23-000035-index.htm,
2023Q4,2023-11-07,564.0,568.0,566.0,Fourth Quarter 2023 Outlook,"[564.0, 568.0, 129.0, 133.0, 440.0, 2103.0]",agree,False,0001561550-23-000053,https://www.sec.gov/Archives/edgar/data/1561550/000156155023000053/0001561550-23-000053-index.htm,
2024Q1,2024-02-13,587.0,591.0,589.0,First Quarter 2024 Outlook,"[587.0, 591.0, 128.0, 132.0, 350.0, 2555.0]",agree,False,0001561550-24-000004,https://www.sec.gov/Archives/edgar/data/1561550/000156155024000004/0001561550-24-000004-index.htm,
2024Q2,2024-05-07,620.0,624.0,622.0,Second Quarter 2024 Outlook,"[620.0, 624.0, 134.0, 138.0, 360.0, 2590.0]",agree,False,0001561550-24-000048,https://www.sec.gov/Archives/edgar/data/1561550/000156155024000048/0001561550-24-000048-index.htm,
2024Q3,2024-08-08,660.0,664.0,662.0,Third Quarter 2024 Outlook,"[660.0, 664.0, 146.0, 150.0, 400.0, 2620.0]",agree,False,0001561550-24-000109,https://www.sec.gov/Archives/edgar/data/1561550/000156155024000109/0001561550-24-000109-index.htm,
2024Q4,2024-11-07,709.0,713.0,711.0,Fourth Quarter 2024 Outlook,"[709.0, 713.0, 163.0, 167.0, 440.0, 2656.0]",agree,True,0001561550-24-000171,https://www.sec.gov/Archives/edgar/data/1561550/000156155024000171/0001561550-24-000171-index.htm,
2025Q1,2025-02-13,737.0,741.0,739.0,First Quarter 2025 Outlook,"[737.0, 741.0, 162.0, 166.0, 430.0, 3175.0]",agree,True,0001561550-25-000017,https://www.sec.gov/Archives/edgar/data/1561550/000156155025000017/0001561550-25-000017-index.htm,
2025Q2,2025-05-06,787.0,791.0,789.0,Second Quarter 2025 Outlook,"[787.0, 791.0, 148.0, 152.0, 420.0, 3215.0]",agree,True,0001561550-25-000118,https://www.sec.gov/Archives/edgar/data/1561550/000156155025000118/0001561550-25-000118-index.htm,
2025Q3,2025-08-07,847.0,851.0,849.0,Third Quarter 2025 Outlook,"[847.0, 851.0, 176.0, 180.0, 460.0, 3312.0]",agree,True,0001561550-25-000216,https://www.sec.gov/Archives/edgar/data/1561550/000156155025000216/0001561550-25-000216-index.htm,
2025Q4,2025-11-06,912.0,916.0,914.0,Fourth Quarter 2025 Outlook,"[912.0, 916.0, 216.0, 220.0, 560.0, 3386.0]",agree,True,0001561550-25-000310,https://www.sec.gov/Archives/edgar/data/1561550/000156155025000310/0001561550-25-000310-index.htm,
2026Q1,2026-02-10,951.0,961.0,956.0,First Quarter 2026 Outlook,"[951.0, 961.0, 195.0, 205.0, 510.0, 4060.0]",agree,True,0001628280-26-006645,https://www.sec.gov/Archives/edgar/data/1561550/000162828026006645/0001628280-26-006645-index.htm,
2026Q2,2026-05-07,1070.0,1080.0,1075.0,Second Quarter 2026 Outlook,"[1070.0, 1080.0, 225.0, 235.0, 590.0, 4300.0]",agree,True,0001628280-26-031677,https://www.sec.gov/Archives/edgar/data/1561550/000162828026031677/0001628280-26-031677-index.htm,
2026Q3,2026-08-06,1135.0,1145.0,1140.0,Third Quarter 2026 Outlook,"[1135.0, 1145.0, 260.0, 270.0, 650.0, 4450.0]",agree,True,0001628280-26-053829,https://www.sec.gov/Archives/edgar/data/1561550/000162828026053829/0001628280-26-053829-index.htm,
